id,leto,mesec,DOL,dolzina,regija,minuta,SIR,ura,sirina,dan,magnituda,globina,sekunda
537411,2016,10,E,34.31,CENTRAL TURKEY,40,N,23,38.13,15,2.7,4,55.1
538627,2016,10,E,38.93,WESTERN TURKEY,40,N,23,52.52,15,2.6,6,50.0
537380,2016,10,E,20.69,GREECE,06,N,23,39.76,15,4.3,15,59.1
537552,2016,10,E,38.94,WESTERN TURKEY,43,N,22,19.21,15,3.6,8,13.2
537310,2016,10,E,71.70,EASTERN UZBEKISTAN,30,N,22,41.26,15,3.7,15,26.1
537551,2016,10,E,38.94,WESTERN TURKEY,27,N,22,19.29,15,3.6,8,50.9
537553,2016,10,E,39.75,GREECE,19,N,22,59.75,15,2.5,1,42.0
537557,2016,10,E,20.70,GREECE,46,N,21,39.70,15,4.3,8,52.8
537448,2016,10,E,20.66,GREECE,42,N,21,39.63,15,3.6,20,23.9
537523,2016,10,E,20.69,GREECE,22,N,21,39.76,15,2.4,16,53.4
537563,2016,10,E,20.67,GREECE,10,N,21,39.66,15,4.3,20,27.5
537378,2016,10,E,32.27,CYPRUS REGION,00,N,21,35.18,15,2.2,12,57.9
537555,2016,10,W,66.11,PUERTO RICO,57,N,20,18.08,15,2.6,22,33.3
537317,2016,10,E,39.76,GREECE,49,N,20,47.62,15,3.6,10,23.1
537295,2016,10,E,37.63,CENTRAL TURKEY,40,N,20,37.48,15,2.2,3,00.3
537295,2016,10,E,37.63,CENTRAL TURKEY,40,N,20,37.48,15,2.2,3,00.3
537548,2016,10,W,51.90,"FOX ISLANDS, ALEUTIAN ISLANDS",34,N,20,36.69,15,4.3,26,58.0
537509,2016,10,E,20.59,GREECE,33,N,20,39.72,15,3.8,10,41.3
537318,2016,10,E,20.63,GREECE,14,N,20,39.78,15,5.4,10,48.9
537546,2016,10,W,60.68,SOUTHERN ALASKA,40,N,19,40.47,15,2.1,14,40.5
537545,2016,10,W,37.82,"SAN FRANCISCO BAY, CALIFORNIA",06,N,19,61.15,15,2.1,1,08.0
537417,2016,10,E,27.93,DODECANESE IS.-TURKEY BORDER REG,43,N,18,36.95,15,2.2,1,15.5
537412,2016,10,E,38.50,EASTERN TURKEY,30,N,18,37.00,15,2.7,5,17.8
537457,2016,10,E,27.69,WESTERN TURKEY,15,N,18,38.92,15,2.4,2,23.8
537855,2016,10,E,37.00,"HINDU KUSH REGION, AFGHANISTAN",47,S,17,12.31,15,4.3,106,08.3
537461,2016,10,E,30.05,WESTERN TURKEY,23,N,16,38.97,15,3.0,13,39.0
537472,2016,10,W,68.73,"ANTOFAGASTA, CHILE",17,S,16,22.13,15,2.6,119,29.0
537214,2016,10,E,15.97,POLAND,44,N,15,51.51,15,3.7,1,46.3
537471,2016,10,W,71.39,"COQUIMBO, CHILE",40,S,15,30.70,15,3.9,44,50.0
537207,2016,10,W,36.86,STRAIT OF GIBRALTAR,24,N,15,32.29,15,2.5,50,25.1
537203,2016,10,E,27.73,WESTERN TURKEY,21,N,14,38.88,15,2.2,10,49.1
537203,2016,10,E,27.73,WESTERN TURKEY,21,N,14,38.88,15,2.2,10,49.1
537197,2016,10,E,30.87,EASTERN MEDITERRANEAN SEA,15,N,14,35.67,15,3.1,10,37.6
537577,2016,10,W,97.71,OKLAHOMA,11,N,14,36.37,15,2.8,2,20.9
537196,2016,10,E,27.74,WESTERN TURKEY,57,N,13,38.99,15,2.1,4,50.9
537578,2016,10,W,78.14,OFF COAST OF CENTRAL PERU,44,S,13,12.50,15,4.3,25,08.0
537195,2016,10,E,12.84,CENTRAL MEDITERRANEAN SEA,37,N,13,36.44,15,3.1,10,53.6
537542,2016,10,W,64.92,VIRGIN ISLANDS REGION,19,N,13,18.93,15,2.8,52,58.6
537192,2016,10,W,69.22,"MENDOZA, ARGENTINA",03,S,13,32.83,15,2.9,17,45.0
537190,2016,10,W,38.82,NORTHERN CALIFORNIA,56,N,12,34.56,15,2.1,1,16.9
537188,2016,10,W,69.83,"TARAPACA, CHILE",43,S,12,19.48,15,2.7,66,40.0
537183,2016,10,E,28.04,XIZANG-NEPAL BORDER REGION,39,N,12,19.21,15,4.1,10,37.0
537186,2016,10,E,28.14,WESTERN TURKEY,33,N,12,37.21,15,2.0,10,36.4
537541,2016,10,W,64.08,VIRGIN ISLANDS REGION,29,N,12,18.34,15,2.6,97,35.8
537182,2016,10,E,40.26,EASTERN TURKEY,15,N,12,40.46,15,3.0,12,48.9
537184,2016,10,E,38.84,WESTERN TURKEY,59,N,11,61.44,15,2.0,10,27.0
537174,2016,10,E,20.72,GREECE,48,N,11,39.80,15,3.0,2,21.5
537176,2016,10,W,38.06,CENTRAL CALIFORNIA,15,N,11,57.85,15,2.8,9,51.0
537168,2016,10,E,85.62,NORTH OF SEVERNAYA ZEMLYA,49,N,10,38.06,15,4.5,10,47.7
537167,2016,10,E,27.78,WESTERN TURKEY,38,N,10,38.94,15,3.0,10,55.3
537166,2016,10,E,30.93,WESTERN TURKEY,22,N,10,40.47,15,2.2,4,50.1
537163,2016,10,W,31.97,"OFFSHORE COQUIMBO, CHILE",05,N,10,37.49,15,2.7,38,58.6
537158,2016,10,W,68.83,"ANTOFAGASTA, CHILE",28,S,09,22.88,15,3.1,92,06.0
537159,2016,10,E,27.83,WESTERN TURKEY,21,N,09,37.17,15,2.1,5,55.5
537155,2016,10,W,71.15,"MAULE, CHILE",17,S,09,34.84,15,2.9,86,48.0
537162,2016,10,E,37.66,CENTRAL TURKEY,04,N,09,37.19,15,2.1,11,04.1
537160,2016,10,E,39.61,EASTERN TURKEY,42,N,08,39.99,15,2.8,10,33.2
537154,2016,10,E,27.72,WESTERN TURKEY,38,N,08,38.94,15,2.5,6,46.0
537152,2016,10,E,27.85,WESTERN TURKEY,32,N,08,38.89,15,2.2,15,05.6
537149,2016,10,E,30.69,BLACK SEA,18,N,08,42.19,15,5.2,10,33.2
537206,2016,10,W,65.90,PUERTO RICO REGION,14,N,08,18.66,15,2.5,18,50.9
537150,2016,10,W,71.55,"OFFSHORE COQUIMBO, CHILE",13,S,08,30.00,15,2.9,40,57.0
537135,2016,10,E,38.95,WESTERN TURKEY,04,N,08,38.81,15,2.2,14,41.2
537133,2016,10,E,38.91,WESTERN TURKEY,45,N,07,45.45,15,2.9,6,06.8
537131,2016,10,E,27.72,WESTERN TURKEY,41,N,07,38.91,15,2.9,6,17.3
537205,2016,10,W,66.63,PUERTO RICO REGION,40,N,07,17.81,15,2.5,4,19.8
537130,2016,10,E,26.57,NEAR THE COAST OF WESTERN TURKEY,17,N,07,38.17,15,2.6,11,26.5
537129,2016,10,W,66.34,PUERTO RICO,16,N,07,73.17,15,2.5,4,08.0
537128,2016,10,E,35.98,CENTRAL TURKEY,54,N,06,39.80,15,2.1,9,45.5
537124,2016,10,W,69.42,"SAN JUAN, ARGENTINA",32,S,06,81.10,15,3.7,148,47.0
537121,2016,10,E,27.71,WESTERN TURKEY,20,N,06,38.89,15,2.5,5,35.3
537118,2016,10,W,20.56,"POTOSI, BOLIVIA",17,N,06,19.12,15,3.8,234,33.3
537114,2016,10,W,58.37,ALASKA PENINSULA,47,N,05,32.83,15,2.6,0,17.0
537112,2016,10,E,26.52,"CRETE, GREECE",32,N,05,34.56,15,4.5,10,55.5
537111,2016,10,E,40.11,WESTERN TURKEY,26,N,05,19.38,15,2.4,5,41.2
537109,2016,10,E,27.71,WESTERN TURKEY,03,N,05,38.93,15,3.3,7,24.8
537110,2016,10,E,20.57,GREECE,01,N,05,38.44,15,2.2,9,54.0
537102,2016,10,E,27.71,WESTERN TURKEY,52,N,04,38.93,15,3.4,7,09.7
537103,2016,10,E,27.71,WESTERN TURKEY,49,N,04,38.93,15,2.2,6,16.0
537104,2016,10,E,27.65,WESTERN TURKEY,44,N,04,38.98,15,2.0,3,50.8
537104,2016,10,E,27.65,WESTERN TURKEY,44,N,04,38.98,15,2.0,3,50.8
537097,2016,10,E,27.75,WESTERN TURKEY,30,N,04,74.30,15,2.0,13,11.0
537093,2016,10,E,27.70,WESTERN TURKEY,38,N,03,38.95,15,2.5,6,11.4
537095,2016,10,W,66.87,PUERTO RICO,38,N,03,17.97,15,2.5,12,09.9
537092,2016,10,E,27.70,WESTERN TURKEY,36,N,03,38.92,15,2.4,6,15.7
537090,2016,10,E,27.70,WESTERN TURKEY,24,N,03,38.90,15,2.1,4,11.5
537089,2016,10,E,27.72,WESTERN TURKEY,21,N,03,38.95,15,2.2,9,27.6
537088,2016,10,W,66.88,PUERTO RICO,17,N,03,73.96,15,2.4,17,39.0
537134,2016,10,W,66.87,PUERTO RICO REGION,10,N,03,17.92,15,2.2,8,51.9
537087,2016,10,E,27.77,WESTERN TURKEY,07,N,03,38.97,15,2.2,6,14.6
537084,2016,10,E,27.73,WESTERN TURKEY,02,N,03,38.92,15,3.6,19,28.7
537085,2016,10,E,27.72,WESTERN TURKEY,55,N,02,38.94,15,2.4,8,27.7
537080,2016,10,E,27.69,WESTERN TURKEY,51,N,02,38.94,15,4.2,6,03.5
537074,2016,10,E,27.72,WESTERN TURKEY,49,N,02,38.93,15,4.0,11,15.2
537071,2016,10,W,66.85,"SALTA, ARGENTINA",44,S,02,24.09,15,4.3,193,48.2
537068,2016,10,E,13.25,CENTRAL ITALY,47,N,01,42.90,15,2.7,9,14.3
537067,2016,10,W,36.41,OKLAHOMA,44,N,01,40.75,15,2.1,5,26.2
537156,2016,10,E,24.02,"CRETE, GREECE",37,N,01,34.82,15,2.2,18,45.1
537156,2016,10,E,24.02,"CRETE, GREECE",37,N,01,34.82,15,2.2,18,45.1
537064,2016,10,E,42.89,CENTRAL ITALY,33,N,01,19.22,15,3.0,9,01.1
537066,2016,10,E,36.78,DODECANESE IS.-TURKEY BORDER REG,11,N,01,63.14,15,2.1,6,09.0
537061,2016,10,E,25.54,AEGEAN SEA,46,N,00,39.83,15,2.6,12,07.1
537063,2016,10,E,23.15,"CRETE, GREECE",05,N,00,34.94,15,2.1,22,39.1
537055,2016,10,W,73.11,NORTHERN COLOMBIA,37,N,23,45.91,14,3.4,146,58.2
537057,2016,10,W,69.28,"TARAPACA, CHILE",26,S,23,19.21,14,2.6,105,58.0
537054,2016,10,E,41.67,EASTERN TURKEY,26,N,23,39.19,14,2.2,6,56.6
537058,2016,10,E,39.19,EASTERN TURKEY,25,N,23,58.28,14,2.6,17,46.0
537039,2016,10,W,97.91,OKLAHOMA,52,N,22,36.91,14,2.5,5,48.2
537211,2016,10,W,96.88,OKLAHOMA,03,N,22,36.41,14,2.0,7,33.0
537038,2016,10,W,19.38,"ISLAND OF HAWAII, HAWAII",02,N,22,16.60,14,2.1,3,34.9
537032,2016,10,W,78.71,NEAR COAST OF CENTRAL PERU,45,S,21,10.81,14,4.4,10,12.7
537036,2016,10,E,12.44,SANTA CRUZ ISLANDS,38,N,21,59.81,14,4.9,200,08.0
537035,2016,10,E,40.12,AEGEAN SEA,28,N,21,52.46,14,2.2,15,45.3
537588,2016,10,W,19.41,"ISLAND OF HAWAII, HAWAII",09,N,21,49.44,14,2.0,2,23.9
537029,2016,10,W,51.47,"ANDREANOF ISLANDS, ALEUTIAN IS.",54,N,20,58.03,14,2.1,20,51.0
537199,2016,10,E,36.54,NORTHWESTERN IRAN,24,N,20,52.06,14,4.2,20,10.0
537007,2016,10,W,69.08,"TARAPACA, CHILE",55,S,19,19.82,14,3.2,124,04.0
537210,2016,10,W,96.87,OKLAHOMA,41,N,19,36.41,14,2.3,6,06.3
537006,2016,10,W,50.57,"ANDREANOF ISLANDS, ALEUTIAN IS.",31,N,19,38.32,14,2.7,20,25.9
537002,2016,10,E,42.87,CENTRAL ITALY,33,N,18,40.74,14,2.5,9,54.0
537001,2016,10,E,35.75,"CRETE, GREECE",29,N,18,35.87,14,2.2,1,04.0
537030,2016,10,W,21.93,"ANTOFAGASTA, CHILE",10,N,18,50.82,14,4.7,113,36.0
538346,2016,10,W,16.71,"GUADELOUPE REGION, LEEWARD ISL.",54,N,17,56.44,14,4.4,25,56.0
536997,2016,10,E,71.33,"HINDU KUSH REGION, AFGHANISTAN",23,N,17,36.69,14,4.3,179,19.6
536998,2016,10,W,60.10,"KENAI PENINSULA, ALASKA",22,N,17,56.41,14,2.2,58,45.4
536991,2016,10,W,68.94,"ANTOFAGASTA, CHILE",38,S,16,22.38,14,2.6,102,49.0
536989,2016,10,W,70.78,"VALPARAISO, CHILE",14,S,16,32.13,14,3.8,64,50.0
536992,2016,10,E,26.32,ROMANIA,09,N,16,45.48,14,3.1,124,00.1
536987,2016,10,E,38.97,GREECE,08,N,16,49.92,14,2.1,1,48.8
536986,2016,10,E,37.97,IONIAN SEA,01,N,16,19.36,14,2.2,1,54.4
536985,2016,10,E,21.78,GREECE,44,N,15,38.43,14,3.0,1,11.7
536988,2016,10,E,39.57,EASTERN TURKEY,35,N,15,38.16,14,2.1,18,35.4
536981,2016,10,W,41.93,NEVADA,51,N,14,41.90,14,2.0,4,39.2
536979,2016,10,E,41.37,EASTERN TURKEY,39,N,14,39.10,14,3.1,5,46.3
536977,2016,10,E,30.78,WESTERN TURKEY,35,N,14,40.19,14,2.3,26,44.4
536978,2016,10,E,22.41,GREECE,35,N,14,38.98,14,2.3,1,30.4
536984,2016,10,E,39.06,AEGEAN SEA,35,N,14,61.33,14,2.2,12,19.0
536975,2016,10,E,25.78,AEGEAN SEA,20,N,14,39.06,14,2.2,12,01.9
536974,2016,10,W,65.62,PUERTO RICO REGION,06,N,14,17.91,14,3.0,6,38.2
536971,2016,10,E,49.98,WESTERN IRAN,46,N,13,30.94,14,3.8,40,33.1
536969,2016,10,E,36.43,CENTRAL TURKEY,45,N,13,36.05,14,2.0,12,55.2
536965,2016,10,W,68.97,"TARAPACA, CHILE",11,S,13,21.21,14,2.4,96,02.0
536962,2016,10,E,38.75,TURKEY-SYRIA BORDER REGION,05,N,13,36.87,14,2.6,29,22.2
536958,2016,10,E,20.60,GREECE,59,N,12,38.76,14,2.7,10,52.0
536960,2016,10,W,20.90,"ANTOFAGASTA, CHILE",59,N,12,59.77,14,2.5,98,04.7
536970,2016,10,E,13.06,CENTRAL ITALY,48,N,12,42.87,14,2.5,9,34.4
536966,2016,10,E,45.71,ROMANIA,47,N,12,59.84,14,2.7,99,35.0
536967,2016,10,E,35.54,"CRETE, GREECE",41,N,12,60.92,14,2.1,1,01.0
536961,2016,10,E,37.66,CENTRAL TURKEY,30,N,12,35.75,14,2.2,6,00.0
536957,2016,10,W,36.50,OKLAHOMA,19,N,12,58.87,14,3.2,5,18.0
536950,2016,10,E,28.67,WESTERN TURKEY,45,N,11,37.10,14,2.5,5,20.9
536949,2016,10,E,31.13,WESTERN TURKEY,42,N,11,40.39,14,2.3,5,14.1
536949,2016,10,E,31.13,WESTERN TURKEY,42,N,11,40.39,14,2.3,5,14.1
536945,2016,10,W,73.61,"BIO-BIO, CHILE",58,S,10,37.53,14,4.9,20,10.4
536968,2016,10,W,89.92,ARKANSAS,24,N,10,35.92,14,2.0,7,06.0
536941,2016,10,W,51.45,"ANDREANOF ISLANDS, ALEUTIAN IS.",23,N,10,73.13,14,2.4,24,36.0
536940,2016,10,W,73.14,NORTHERN COLOMBIA,36,N,09,80.21,14,2.3,149,55.0
536936,2016,10,E,31.60,WESTERN TURKEY,17,N,09,40.51,14,2.0,10,01.6
536937,2016,10,E,42.87,CENTRAL ITALY,58,N,08,59.45,14,2.8,9,47.0
536925,2016,10,E,19.13,VANUATU,31,N,08,38.81,14,4.5,272,54.3
536938,2016,10,E,46.52,SWITZERLAND,30,N,08,57.52,14,1.9,11,38.0
536931,2016,10,W,18.58,VIRGIN ISLANDS REGION,54,N,07,62.29,14,3.2,63,31.0
536920,2016,10,E,34.23,"CRETE, GREECE",13,N,07,63.03,14,2.7,10,55.0
537022,2016,10,W,32.12,"SAN JUAN, ARGENTINA",45,N,06,51.53,14,3.3,120,50.0
536909,2016,10,W,69.90,"SAN JUAN, ARGENTINA",33,S,06,32.12,14,3.3,120,55.0
536911,2016,10,E,35.91,CYPRUS REGION,28,N,06,15.26,14,2.4,60,18.2
536904,2016,10,W,70.00,"ANTOFAGASTA, CHILE",32,S,05,21.49,14,2.7,45,57.0
538344,2016,10,E,34.37,CYPRUS REGION,06,N,05,50.77,14,2.8,10,32.0
536900,2016,10,W,70.90,"ATACAMA, CHILE",02,S,05,27.97,14,2.6,51,41.0
536902,2016,10,W,61.99,SOUTHERN ALASKA,02,N,05,59.28,14,2.1,19,06.0
536899,2016,10,E,42.63,CENTRAL ITALY,26,N,04,19.38,14,3.3,11,56.0
536980,2016,10,W,96.89,OKLAHOMA,50,N,03,36.45,14,2.0,5,39.2
536894,2016,10,W,24.09,"SALTA, ARGENTINA",43,N,03,72.67,14,3.9,210,54.0
536890,2016,10,E,22.85,CENTRAL MEDITERRANEAN SEA,14,N,03,35.29,14,2.4,4,13.0
536919,2016,10,W,64.95,VIRGIN ISLANDS REGION,06,N,03,18.42,14,2.4,19,20.5
536921,2016,10,W,65.40,PUERTO RICO REGION,54,N,02,19.57,14,2.6,75,51.9
536888,2016,10,E,26.05,NEAR THE COAST OF WESTERN TURKEY,39,N,02,39.09,14,2.2,6,08.9
536889,2016,10,W,30.35,"OFFSHORE COQUIMBO, CHILE",19,N,02,63.49,14,2.7,17,50.0
536887,2016,10,W,71.78,"OFFSHORE COQUIMBO, CHILE",59,S,01,30.35,14,2.7,17,27.0
536918,2016,10,W,64.94,VIRGIN ISLANDS REGION,56,N,01,18.12,14,2.5,14,08.3
536885,2016,10,E,30.97,SOUTHERN IRAN,44,N,01,60.20,14,4.8,10,24.0
536886,2016,10,W,18.28,PUERTO RICO,33,N,01,58.94,14,3.9,131,43.0
536874,2016,10,W,62.95,CENTRAL ALASKA,56,N,00,36.89,14,2.0,110,51.8
536876,2016,10,W,61.92,SOUTHERN ALASKA,44,N,00,60.04,14,2.4,30,08.0
536875,2016,10,W,81.03,OFF COAST OF ECUADOR,30,S,00,37.50,14,4.1,10,50.0
536871,2016,10,W,97.34,OKLAHOMA,03,N,00,35.92,14,2.4,4,20.2
536868,2016,10,E,41.58,ALBANIA,46,N,23,43.39,13,2.9,2,26.8
536866,2016,10,W,63.02,CENTRAL ALASKA,13,S,23,22.68,13,3.0,11,08.1
536865,2016,10,W,58.89,"KODIAK ISLAND REGION, ALASKA",59,N,22,63.38,13,2.0,3,06.0
536862,2016,10,W,60.30,SOUTHERN ALASKA,50,N,21,58.21,13,2.0,97,38.0
536858,2016,10,E,38.39,GREECE,13,N,21,62.77,13,2.1,1,03.5
536853,2016,10,E,36.57,SOUTHERN GREECE,40,S,20,35.49,13,2.1,10,50.3
536850,2016,10,W,31.23,"SAN JUAN, ARGENTINA",18,N,20,62.26,13,4.2,164,44.9
538235,2016,10,E,21.23,SOUTHERN GREECE,54,N,19,37.02,13,2.2,10,19.8
538230,2016,10,E,24.44,AEGEAN SEA,50,N,19,38.56,13,2.1,15,16.9
536849,2016,10,W,43.39,PYRENEES,18,N,19,33.76,13,3.0,8,49.9
536844,2016,10,E,23.88,AEGEAN SEA,59,N,18,39.73,13,2.9,10,32.8
536847,2016,10,W,33.59,SOUTHERN CALIFORNIA,55,N,18,25.16,13,2.3,8,09.0
536840,2016,10,W,63.50,CENTRAL ALASKA,30,N,18,41.87,13,2.8,10,44.6
536835,2016,10,W,68.44,"ANTOFAGASTA, CHILE",26,S,17,21.53,13,4.2,142,53.0
536839,2016,10,W,33.97,"GREATER LOS ANGELES AREA, CALIF.",24,N,17,63.78,13,2.2,14,34.0
536834,2016,10,E,37.46,IONIAN SEA,14,N,17,33.97,13,2.2,1,28.1
538049,2016,10,E,26.90,"DODECANESE ISLANDS, GREECE",06,N,17,36.29,13,3.1,109,56.1
538031,2016,10,E,21.67,SOUTHERN GREECE,31,N,16,36.56,13,2.3,1,41.8
536831,2016,10,E,38.85,EASTERN TURKEY,19,S,16,17.17,13,2.9,5,05.8
536827,2016,10,W,38.84,NORTHERN CALIFORNIA,10,N,16,19.38,13,2.3,2,03.7
536843,2016,10,E,40.12,EASTERN TURKEY,30,N,15,39.88,13,2.4,10,38.6
536935,2016,10,E,20.36,GREECE,29,N,15,38.18,13,2.0,15,45.8
536821,2016,10,E,30.02,WESTERN TURKEY,22,N,15,38.93,13,2.4,5,38.6
536829,2016,10,E,44.13,"CAUCASUS REGION, RUSSIA",13,N,15,43.06,13,3.3,5,06.8
536820,2016,10,E,36.42,CENTRAL TURKEY,54,N,14,36.15,13,2.0,5,00.0
536816,2016,10,E,39.56,"KERKIRA REGION, GREECE",38,S,14,62.32,13,3.3,2,35.5
536813,2016,10,W,68.91,"TARAPACA, CHILE",19,S,14,21.07,13,3.9,112,19.0
536808,2016,10,W,30.33,"COQUIMBO, CHILE",09,N,14,19.43,13,2.6,45,25.9
538102,2016,10,W,61.28,SOUTHERN ALASKA,02,N,14,52.14,13,2.1,15,32.0
536812,2016,10,W,40.94,"OFFSHORE LOS LAGOS, CHILE",53,N,13,61.28,13,3.6,18,26.0
536802,2016,10,W,71.51,"OFFSHORE VALPARAISO, CHILE",23,S,13,32.63,13,3.8,27,58.0
536801,2016,10,E,20.63,GREECE,21,N,13,38.12,13,2.6,9,51.4
536869,2016,10,W,18.27,PUERTO RICO REGION,12,S,13,19.85,13,2.2,48,42.0
536804,2016,10,E,37.67,CENTRAL TURKEY,01,N,13,37.22,13,2.0,8,28.6
536805,2016,10,E,46.44,"CAUCASUS REGION, RUSSIA",24,N,12,42.83,13,3.6,60,45.0
536798,2016,10,E,45.39,FRANCE,17,N,12,63.23,13,2.3,8,07.0
536794,2016,10,E,39.82,NEAR THE COAST OF WESTERN TURKEY,35,S,11,36.12,13,1.5,20,21.5
536791,2016,10,E,47.43,FRANCE,44,N,10,76.72,13,2.0,0,02.0
536800,2016,10,E,46.57,"CAUCASUS REGION, RUSSIA",28,N,10,42.20,13,3.5,10,49.0
536792,2016,10,W,36.23,CENTRAL CALIFORNIA,26,N,10,61.07,13,2.0,6,47.0
536786,2016,10,W,38.80,NORTHERN CALIFORNIA,10,N,10,19.38,13,2.0,1,23.4
536783,2016,10,E,39.87,EASTERN TURKEY,21,N,09,40.69,13,2.0,18,34.2
536783,2016,10,E,39.87,EASTERN TURKEY,21,N,09,40.69,13,2.0,18,34.2
536782,2016,10,W,35.81,"OFFSHORE MAULE, CHILE",21,N,09,19.36,13,3.7,36,14.5
536780,2016,10,E,27.84,WESTERN TURKEY,16,N,09,37.19,13,1.5,10,27.3
536778,2016,10,E,27.87,WESTERN TURKEY,12,N,09,37.21,13,1.7,10,02.3
536823,2016,10,W,96.89,OKLAHOMA,54,N,08,36.40,13,2.3,5,32.2
536777,2016,10,E,28.22,WESTERN TURKEY,51,N,08,37.21,13,1.7,9,38.0
536769,2016,10,W,56.78,ALASKA PENINSULA,00,N,08,47.45,13,2.5,48,32.3
536762,2016,10,W,31.24,"BAJA CALIFORNIA, MEXICO",56,N,06,73.16,13,3.3,6,08.0
536764,2016,10,E,41.56,EASTERN TURKEY,32,N,06,39.19,13,2.2,15,03.9
536761,2016,10,W,65.46,"NORTHERN YUKON TERRITORY, CANADA",26,N,06,59.47,13,2.1,4,45.0
536765,2016,10,E,28.86,EASTERN MEDITERRANEAN SEA,09,N,06,35.31,13,2.2,14,44.6
536760,2016,10,E,67.98,CENTRAL AFGHANISTAN,03,N,06,36.45,13,4.4,10,50.4
536757,2016,10,E,22.78,FYR OF MACEDONIA,58,N,05,41.80,13,2.5,2,17.7
536771,2016,10,E,38.28,WESTERN TURKEY,55,S,05,32.56,13,2.4,9,25.0
536754,2016,10,E,37.21,WESTERN TURKEY,30,N,05,37.63,13,1.9,10,30.9
536750,2016,10,E,13.07,CENTRAL ITALY,11,N,05,75.09,13,3.1,9,24.0
536748,2016,10,E,13.08,CENTRAL ITALY,53,N,04,42.86,13,2.6,9,33.2
536747,2016,10,E,39.18,WESTERN TURKEY,35,N,04,47.03,13,2.5,2,19.5
536745,2016,10,W,21.17,"TARAPACA, CHILE",55,N,03,25.57,13,3.1,102,12.5
536743,2016,10,E,27.83,DODECANESE IS.-TURKEY BORDER REG,50,N,03,36.21,13,2.0,62,13.7
536772,2016,10,W,63.95,VIRGIN ISLANDS REGION,39,N,03,18.23,13,2.7,98,20.0
536759,2016,10,E,33.58,CYPRUS REGION,26,N,03,34.64,13,1.6,18,46.8
536740,2016,10,W,67.60,"ANTOFAGASTA, CHILE",20,S,03,24.12,13,4.4,221,05.0
536770,2016,10,W,64.52,VIRGIN ISLANDS REGION,19,N,03,18.07,13,2.2,9,04.5
536739,2016,10,E,29.11,WESTERN TURKEY,16,N,03,39.98,13,2.7,8,13.8
536738,2016,10,E,29.12,WESTERN TURKEY,14,N,03,39.98,13,3.2,5,53.7
536722,2016,10,W,98.31,OKLAHOMA,48,N,02,36.77,13,3.6,9,41.7
536721,2016,10,E,29.11,WESTERN TURKEY,34,N,02,39.97,13,2.0,6,38.3
536737,2016,10,E,38.51,CENTRAL TURKEY,30,N,02,63.02,13,1.5,5,48.0
536716,2016,10,E,29.04,WESTERN TURKEY,06,N,02,40.05,13,2.0,5,20.3
536716,2016,10,E,29.04,WESTERN TURKEY,06,N,02,40.05,13,2.0,5,20.3
536720,2016,10,W,30.75,"COQUIMBO, CHILE",04,N,02,61.65,13,2.7,46,32.0
536719,2016,10,E,37.89,WESTERN TURKEY,33,N,01,61.02,13,1.8,5,40.0
538100,2016,10,W,17.86,PUERTO RICO REGION,55,N,00,59.76,13,2.3,12,05.0
536724,2016,10,E,26.72,NEAR THE COAST OF WESTERN TURKEY,26,N,00,38.02,13,1.9,3,14.5
536725,2016,10,E,27.52,WESTERN TURKEY,20,N,00,40.79,13,2.0,13,40.9
536726,2016,10,E,29.33,WESTERN TURKEY,16,N,00,37.99,13,1.7,12,53.3
538101,2016,10,W,62.86,CENTRAL ALASKA,16,N,00,59.86,13,2.0,85,30.0
536701,2016,10,W,11.10,AZORES-CAPE ST. VINCENT RIDGE,48,N,23,38.70,12,2.0,1,46.0
536728,2016,10,E,39.97,EASTERN TURKEY,35,N,23,39.90,12,2.2,9,48.5
536733,2016,10,E,40.83,EASTERN TURKEY,31,N,23,38.59,12,2.0,13,18.8
536700,2016,10,E,27.71,WESTERN TURKEY,30,N,23,39.00,12,3.2,8,00.8
536694,2016,10,E,28.49,DODECANESE IS.-TURKEY BORDER REG,11,N,23,36.54,12,1.8,43,32.6
536692,2016,10,W,69.15,"TARAPACA, CHILE",59,S,22,20.16,12,2.8,95,25.0
536689,2016,10,E,28.51,WESTERN TURKEY,52,N,22,40.86,12,2.0,22,12.2
536691,2016,10,W,69.38,"TARAPACA, CHILE",45,S,22,19.30,12,3.2,100,41.0
536693,2016,10,E,19.26,"KERKIRA REGION, GREECE",43,N,22,39.76,12,3.0,2,50.2
536688,2016,10,E,28.44,WESTERN TURKEY,14,N,22,37.15,12,1.7,9,21.1
536686,2016,10,E,58.07,NORTHEASTERN IRAN,59,N,21,35.04,12,3.6,5,22.8
536685,2016,10,E,26.00,NEAR THE COAST OF WESTERN TURKEY,56,N,21,39.62,12,2.4,6,21.5
536684,2016,10,E,43.90,EASTERN TURKEY,43,N,21,38.50,12,2.2,5,40.7
536683,2016,10,E,39.87,EASTERN TURKEY,36,N,21,39.27,12,2.0,7,04.8
536677,2016,10,E,31.56,WESTERN TURKEY,38,N,20,40.15,12,2.0,8,10.4
536676,2016,10,W,23.07,"ANTOFAGASTA, CHILE",32,S,20,54.46,12,2.9,83,52.0
536678,2016,10,E,37.85,CENTRAL TURKEY,08,N,20,37.94,12,1.6,10,04.1
536679,2016,10,W,61.78,SOUTHERN ALASKA,06,N,20,60.48,12,2.0,40,25.0
536675,2016,10,E,31.62,WESTERN TURKEY,23,N,19,40.12,12,1.7,22,17.3
536674,2016,10,E,34.23,CENTRAL TURKEY,22,N,19,36.67,12,1.5,17,15.6
536669,2016,10,W,72.02,"BIO-BIO, CHILE",11,S,19,36.33,12,2.9,68,35.0
536671,2016,10,E,38.54,GREECE,52,N,18,60.36,12,2.0,14,25.0
536779,2016,10,W,37.32,"SAN FRANCISCO BAY AREA, CALIF.",33,N,18,48.21,12,2.0,0,32.9
536666,2016,10,E,31.85,WESTERN AUSTRALIA,30,N,18,37.32,12,1.8,14,16.9
537948,2016,10,W,65.35,NORTHERN ALASKA,23,N,18,54.54,12,3.0,4,55.0
536665,2016,10,W,70.75,"VALPARAISO, CHILE",55,S,17,32.84,12,3.7,80,04.0
536664,2016,10,E,38.91,WESTERN TURKEY,55,N,17,19.15,12,2.3,6,01.4
537949,2016,10,W,20.66,"OFFSHORE TARAPACA, CHILE",18,N,17,57.05,12,3.9,39,30.0
536660,2016,10,W,64.58,VIRGIN ISLANDS REGION,50,N,16,95.70,12,2.1,28,51.7
536775,2016,10,W,68.97,"TARAPACA, CHILE",36,S,16,21.17,12,2.6,106,23.8
536655,2016,10,E,13.07,CENTRAL ITALY,28,N,16,42.87,12,2.5,9,32.0
536657,2016,10,E,27.89,WESTERN TURKEY,14,N,16,38.85,12,1.8,15,23.4
536651,2016,10,E,29.05,WESTERN TURKEY,08,N,16,39.54,12,2.6,7,34.4
536652,2016,10,E,20.37,ALBANIA,04,N,16,39.81,12,2.3,6,38.9
536647,2016,10,W,70.95,"OFFSHORE TARAPACA, CHILE",52,S,15,18.68,12,2.8,42,27.0
536658,2016,10,E,82.38,"SOUTHERN XINJIANG, CHINA",30,N,15,36.03,12,4.2,10,18.6
536654,2016,10,E,35.27,CENTRAL TURKEY,29,N,15,39.94,12,1.8,5,23.4
536645,2016,10,E,22.75,GREECE,23,N,15,74.79,12,2.4,2,15.0
536855,2016,10,W,96.89,OKLAHOMA,16,N,15,36.42,12,2.1,4,21.0
536643,2016,10,E,26.36,WESTERN TURKEY,07,N,15,40.52,12,2.0,14,11.2
536703,2016,10,E,37.04,WESTERN TURKEY,52,S,14,17.63,12,2.2,5,20.6
536928,2016,10,E,20.58,GREECE,37,N,14,38.46,12,2.0,11,40.5
536639,2016,10,E,27.01,DODECANESE IS.-TURKEY BORDER REG,34,N,14,36.64,12,2.5,120,31.0
536702,2016,10,W,63.57,CENTRAL ALASKA,21,S,14,24.35,12,2.8,4,30.0
536638,2016,10,E,29.54,WESTERN TURKEY,10,N,14,40.51,12,1.7,11,24.1
536634,2016,10,W,71.56,"OFFSHORE COQUIMBO, CHILE",49,S,13,30.26,12,3.2,24,54.0
536632,2016,10,E,13.15,CENTRAL ITALY,41,N,13,42.95,12,1.5,5,35.4
536631,2016,10,E,37.54,WESTERN TURKEY,36,N,13,38.84,12,1.9,1,53.6
536629,2016,10,E,34.27,CENTRAL TURKEY,14,N,13,36.48,12,2.1,9,20.1
536628,2016,10,E,28.78,WESTERN TURKEY,02,N,13,38.25,12,2.7,7,39.1
536630,2016,10,W,52.51,"ANDREANOF ISLANDS, ALEUTIAN IS.",02,N,13,63.45,12,3.5,216,13.3
536621,2016,10,E,38.10,GREECE,29,N,11,46.23,12,2.0,18,38.0
537945,2016,10,W,18.97,VIRGIN ISLANDS REGION,10,N,11,60.36,12,2.6,14,11.0
536618,2016,10,W,59.06,SOUTHERN ALASKA,39,N,10,10.72,12,2.5,107,13.6
536613,2016,10,E,21.48,KOSOVO-SERBIA-FYROM BORDER REG.,39,N,09,42.01,12,2.5,6,02.4
536612,2016,10,E,38.80,EASTERN TURKEY,51,N,08,37.45,12,2.3,5,05.4
536609,2016,10,E,85.95,NEPAL,29,N,08,27.66,12,4.1,10,30.0
536608,2016,10,E,39.32,CENTRAL TURKEY,24,N,08,51.11,12,2.0,8,44.2
536600,2016,10,E,22.74,GREECE,10,N,08,40.97,12,2.7,2,05.2
536605,2016,10,W,19.69,"OFF COAST OF TARAPACA, CHILE",49,N,07,61.75,12,3.4,37,39.0
536598,2016,10,W,98.81,OKLAHOMA,32,N,07,36.49,12,3.1,6,34.7
536767,2016,10,E,20.41,GREECE,52,N,06,38.12,12,3.1,18,23.7
536590,2016,10,E,23.26,"CRETE, GREECE",41,N,05,35.96,12,3.0,2,53.5
536591,2016,10,E,39.66,AEGEAN SEA,02,N,05,61.75,12,1.9,15,59.0
536589,2016,10,E,20.10,ALBANIA,33,N,04,41.95,12,2.4,19,03.2
536572,2016,10,W,62.34,CENTRAL ALASKA,16,S,04,20.93,12,2.0,188,23.7
536575,2016,10,W,51.61,"ANDREANOF ISLANDS, ALEUTIAN IS.",06,N,04,38.77,12,3.8,41,48.8
536624,2016,10,E,50.71,GULF OF ADEN,01,N,04,13.42,12,4.3,10,27.9
536603,2016,10,W,19.83,"ISLAND OF HAWAII, HAWAII",57,S,03,11.53,12,2.5,14,31.8
536567,2016,10,E,38.76,GREECE,21,N,03,65.66,12,2.0,8,23.6
536571,2016,10,E,26.82,"DODECANESE ISLANDS, GREECE",06,N,03,37.43,12,2.0,13,26.6
536607,2016,10,W,65.66,PUERTO RICO REGION,03,N,03,17.88,12,2.1,10,01.1
536565,2016,10,W,65.68,NORTHERN ALASKA,00,N,03,42.15,12,3.8,18,50.0
536564,2016,10,E,36.59,SYRIA,53,N,02,35.61,12,3.2,20,04.5
536592,2016,10,W,65.91,PUERTO RICO REGION,47,N,02,18.67,12,2.9,37,33.6
536560,2016,10,E,29.65,WESTERN TURKEY,36,N,02,36.15,12,2.1,6,59.3
536854,2016,10,W,97.85,OKLAHOMA,34,N,02,36.82,12,2.7,7,57.5
536854,2016,10,W,97.85,OKLAHOMA,34,N,02,36.82,12,2.7,7,57.5
536559,2016,10,E,28.75,DODECANESE IS.-TURKEY BORDER REG,23,N,02,36.47,12,1.9,5,47.6
536922,2016,10,E,20.58,GREECE,15,N,02,38.54,12,2.1,13,14.9
536557,2016,10,E,13.26,CENTRAL ITALY,08,N,02,42.69,12,2.5,13,16.5
536556,2016,10,W,71.51,"COQUIMBO, CHILE",59,S,01,30.70,12,4.7,41,21.7
536551,2016,10,E,13.63,"MINDORO, PHILIPPINES",40,N,01,32.94,12,5.3,147,10.2
536558,2016,10,W,39.35,"AZORES ISLANDS, PORTUGAL",32,N,01,60.18,12,2.5,10,35.0
536548,2016,10,E,28.96,WESTERN TURKEY,14,N,01,40.62,12,1.6,6,51.3
536547,2016,10,W,29.72,"AZORES ISLANDS, PORTUGAL",10,N,01,39.48,12,2.9,63,13.0
536549,2016,10,E,26.85,"DODECANESE ISLANDS, GREECE",00,N,01,37.43,12,2.1,7,08.7
536550,2016,10,E,44.55,TURKEY-IRAN BORDER REGION,56,N,00,38.89,12,2.2,5,55.0
536546,2016,10,E,33.21,WESTERN AUSTRALIA,22,N,00,60.96,12,2.3,6,37.0
536584,2016,10,W,66.88,PUERTO RICO,59,N,23,17.96,11,2.5,15,34.6
536541,2016,10,E,28.86,WESTERN TURKEY,49,N,23,40.66,11,1.8,15,41.1
536573,2016,10,W,66.89,PUERTO RICO,49,N,23,17.96,11,2.4,14,07.5
536540,2016,10,E,28.96,WESTERN TURKEY,47,N,23,40.60,11,1.9,6,45.7
536539,2016,10,E,28.95,WESTERN TURKEY,44,N,23,40.62,11,2.0,6,18.7
536538,2016,10,E,28.95,WESTERN TURKEY,42,N,23,40.61,11,3.1,5,43.6
536538,2016,10,E,28.95,WESTERN TURKEY,42,N,23,40.61,11,3.1,5,43.6
536543,2016,10,E,28.94,WESTERN TURKEY,41,N,23,40.60,11,2.3,20,32.2
536531,2016,10,E,28.95,WESTERN TURKEY,38,N,23,40.62,11,2.0,7,36.4
536527,2016,10,W,37.55,CENTRAL CALIFORNIA,29,N,23,34.18,11,2.4,8,07.9
536529,2016,10,W,17.95,PUERTO RICO REGION,47,N,22,62.12,11,2.1,14,42.0
536524,2016,10,E,27.61,WESTERN TURKEY,30,N,22,75.98,11,2.2,5,54.4
536518,2016,10,E,28.98,WESTERN TURKEY,46,N,21,40.62,11,2.8,4,14.1
536516,2016,10,E,39.79,EASTERN TURKEY,26,N,21,39.30,11,1.6,5,59.0
536519,2016,10,E,13.07,CENTRAL ITALY,24,N,21,42.87,11,3.2,8,10.3
536522,2016,10,E,40.60,EASTERN TURKEY,18,N,21,49.46,11,2.2,5,38.9
536511,2016,10,E,29.08,WESTERN TURKEY,13,N,21,39.19,11,2.5,5,32.9
536510,2016,10,E,28.02,EASTERN MEDITERRANEAN SEA,12,N,21,35.96,11,2.8,8,32.1
538128,2016,10,W,33.90,"OFFSHORE O'HIGGINS, CHILE",51,N,20,53.94,11,2.6,39,38.0
536500,2016,10,E,27.97,WESTERN TURKEY,32,N,20,40.83,11,1.8,20,26.1
536498,2016,10,W,61.16,"SOUTHERN YUKON TERRITORY, CANADA",19,N,20,19.44,11,2.1,12,37.8
536602,2016,10,E,36.52,DODECANESE IS.-TURKEY BORDER REG,08,S,20,17.32,11,1.5,14,45.7
536493,2016,10,E,35.93,CENTRAL TURKEY,46,N,19,41.69,11,2.3,22,18.2
536619,2016,10,E,33.54,CYPRUS REGION,38,N,19,34.37,11,1.9,23,14.5
536491,2016,10,W,19.11,VIRGIN ISLANDS REGION,02,N,19,42.29,11,2.1,42,26.2
536489,2016,10,E,43.70,EASTERN TURKEY,58,N,18,40.63,11,2.3,5,00.3
536488,2016,10,E,35.67,CENTRAL TURKEY,29,N,18,40.43,11,1.9,8,16.2
536487,2016,10,W,68.47,"ANTOFAGASTA, CHILE",18,S,18,21.82,11,3.8,133,31.0
536486,2016,10,E,28.98,DODECANESE IS.-TURKEY BORDER REG,12,N,18,36.25,11,1.6,18,09.8
536483,2016,10,E,41.72,CENTRAL TURKEY,57,N,17,34.10,11,2.8,23,51.6
536545,2016,10,E,24.77,MYANMAR,50,S,17,31.43,11,4.5,60,58.0
536481,2016,10,W,36.29,OKLAHOMA,29,N,17,37.54,11,2.8,7,04.7
536480,2016,10,E,20.72,ALBANIA,48,N,16,40.59,11,2.4,2,13.9
536478,2016,10,E,38.18,EASTERN TURKEY,17,N,16,40.18,11,2.2,14,22.7
536479,2016,10,E,21.31,KOSOVO-SERBIA-FYROM BORDER REG.,14,N,16,42.15,11,2.1,1,40.2
536479,2016,10,E,21.31,KOSOVO-SERBIA-FYROM BORDER REG.,14,N,16,42.15,11,2.1,1,40.2
536474,2016,10,W,69.78,"TARAPACA, CHILE",12,S,16,21.28,11,2.5,49,42.0
536542,2016,10,W,63.00,CENTRAL ALASKA,12,S,16,28.41,11,2.0,1,24.0
536472,2016,10,W,62.06,CENTRAL ALASKA,55,N,15,38.83,11,2.7,48,31.5
536469,2016,10,W,19.50,VIRGIN ISLANDS REGION,40,N,15,34.25,11,2.5,83,36.8
536470,2016,10,E,30.59,WESTERN AUSTRALIA,15,N,15,61.70,11,1.8,1,16.0
536465,2016,10,E,21.84,GREECE,13,N,14,38.40,11,2.5,14,31.9
536484,2016,10,W,75.51,NORTHERN COLOMBIA,05,N,14,31.90,11,2.6,22,19.4
536455,2016,10,E,29.35,WESTERN TURKEY,37,N,13,36.67,11,2.0,24,34.4
536471,2016,10,E,28.39,EASTERN MEDITERRANEAN SEA,27,N,13,34.71,11,3.1,10,47.6
536462,2016,10,E,20.57,GREECE,02,N,13,38.45,11,2.0,12,26.0
536445,2016,10,W,20.60,"TARAPACA, CHILE",56,N,12,47.47,11,2.9,105,36.1
536459,2016,10,E,27.88,WESTERN TURKEY,49,N,12,38.96,11,2.1,22,00.2
536443,2016,10,W,71.54,"OFFSHORE COQUIMBO, CHILE",47,S,12,30.06,11,3.2,40,51.0
536448,2016,10,E,37.32,CENTRAL TURKEY,31,N,12,38.99,11,2.3,5,42.4
536448,2016,10,E,37.32,CENTRAL TURKEY,31,N,12,38.99,11,2.3,5,42.4
536473,2016,10,W,66.43,PUERTO RICO,01,N,12,18.03,11,2.0,13,07.6
536442,2016,10,E,38.40,GREECE,59,N,11,65.93,11,4.5,10,29.0
536463,2016,10,E,30.83,WESTERN TURKEY,31,N,11,40.52,11,1.6,13,00.0
536438,2016,10,E,39.87,WESTERN TURKEY,27,N,11,58.13,11,2.2,1,43.0
536433,2016,10,E,27.81,WESTERN TURKEY,55,N,10,38.98,11,1.9,14,54.6
536430,2016,10,E,44.99,"CAUCASUS REGION, RUSSIA",52,N,10,19.32,11,3.6,20,49.6
536428,2016,10,E,27.73,WESTERN TURKEY,41,N,10,39.00,11,3.3,12,32.3
536520,2016,10,W,97.40,OKLAHOMA,34,N,10,35.68,11,2.4,5,53.8
538127,2016,10,E,40.72,ALBANIA,22,N,10,53.12,11,2.2,8,39.0
536424,2016,10,W,66.88,PUERTO RICO,08,N,10,17.96,11,2.1,16,23.4
536467,2016,10,E,29.97,WESTERN TURKEY,02,N,10,41.26,11,1.9,9,07.1
536422,2016,10,E,28.65,WESTERN TURKEY,54,N,09,41.14,11,1.7,8,30.2
536421,2016,10,E,27.59,WESTERN TURKEY,50,N,09,37.26,11,2.1,11,03.2
536468,2016,10,E,31.29,WESTERN TURKEY,46,N,09,40.81,11,1.7,22,28.6
536420,2016,10,E,24.94,AEGEAN SEA,38,N,09,38.84,11,3.2,13,07.2
538126,2016,10,E,37.05,WESTERN TURKEY,12,N,09,59.84,11,1.7,24,57.0
536417,2016,10,E,28.06,WESTERN TURKEY,00,N,09,37.23,11,1.9,8,50.8
536521,2016,10,W,59.23,"KENAI PENINSULA, ALASKA",49,N,08,49.64,11,2.4,52,43.0
536436,2016,10,W,66.87,PUERTO RICO,33,N,08,17.98,11,2.2,15,43.7
538130,2016,10,E,38.87,EASTERN TURKEY,14,N,08,51.66,11,1.9,15,58.0
536409,2016,10,E,46.27,SWITZERLAND,10,N,08,19.39,11,1.5,5,02.8
536412,2016,10,E,26.89,"DODECANESE ISLANDS, GREECE",04,N,08,37.12,11,2.3,4,56.9
536403,2016,10,E,29.65,WESTERN TURKEY,01,N,08,40.77,11,1.5,26,04.8
536456,2016,10,E,35.18,CENTRAL TURKEY,54,N,07,37.64,11,1.7,5,22.1
536457,2016,10,E,29.08,WESTERN TURKEY,48,N,07,39.49,11,1.8,25,11.3
536397,2016,10,E,12.95,NORTHERN ITALY,33,N,07,44.11,11,2.9,10,09.2
536400,2016,10,E,95.06,MYANMAR,30,N,07,25.21,11,4.8,91,13.7
538526,2016,10,E,38.92,WESTERN TURKEY,12,S,07,26.67,11,2.3,10,53.0
536398,2016,10,E,85.95,NEPAL,08,N,07,27.67,11,4.6,10,30.0
538131,2016,10,W,38.34,NEVADA,57,N,06,51.48,11,2.2,0,40.0
536482,2016,10,W,19.21,VIRGIN ISLANDS REGION,56,N,06,38.34,11,3.0,32,30.1
536414,2016,10,E,20.67,ALBANIA,34,N,06,40.69,11,2.2,12,31.0
536396,2016,10,W,64.37,VIRGIN ISLANDS REGION,27,N,06,19.25,11,3.2,29,24.1
536416,2016,10,W,66.59,PUERTO RICO REGION,13,N,06,17.85,11,2.0,18,31.3
536411,2016,10,W,65.38,PUERTO RICO REGION,01,N,06,18.02,11,2.1,19,14.1
536402,2016,10,W,67.11,"SAN JUAN, ARGENTINA",46,S,05,31.31,11,4.8,27,36.0
536390,2016,10,W,17.49,FIJI REGION,44,N,05,46.94,11,4.8,530,05.8
536384,2016,10,E,59.90,SOUTHEASTERN IRAN,31,N,05,29.48,11,3.8,10,42.3
536386,2016,10,W,72.28,"OFFSHORE O'HIGGINS, CHILE",28,S,05,34.06,11,3.0,37,50.0
536383,2016,10,E,38.21,EASTERN TURKEY,26,N,05,39.68,11,2.6,9,57.0
536381,2016,10,E,21.60,GREECE,11,N,05,40.61,11,2.3,1,50.7
536410,2016,10,W,65.02,VIRGIN ISLANDS REGION,00,N,05,18.76,11,3.2,16,41.9
536399,2016,10,W,67.22,"MONA PASSAGE, PUERTO RICO",44,N,04,18.23,11,2.5,18,57.8
536388,2016,10,E,43.84,GEORGIA (SAK'ART'VELO),11,N,04,41.85,11,3.0,2,31.0
536389,2016,10,E,20.68,ALBANIA,08,N,04,40.71,11,2.2,16,23.3
536376,2016,10,E,20.68,ALBANIA,52,N,03,40.73,11,2.5,2,40.5
536379,2016,10,E,20.69,ALBANIA,43,N,03,40.71,11,2.1,2,01.5
536768,2016,10,E,20.59,GREECE,39,N,03,38.22,11,2.2,22,57.1
536461,2016,10,E,21.34,MOZAMBIQUE,35,N,03,46.04,11,2.8,10,26.0
536377,2016,10,W,59.99,SOUTHERN ALASKA,43,N,02,65.15,11,2.2,106,54.0
536375,2016,10,E,33.46,CENTRAL TURKEY,20,N,02,40.47,11,2.0,5,21.2
536374,2016,10,W,72.36,"OFFSHORE O'HIGGINS, CHILE",15,S,02,34.01,11,2.5,10,30.0
536373,2016,10,E,32.21,CENTRAL TURKEY,57,N,01,38.60,11,1.5,15,43.5
536372,2016,10,E,27.39,WESTERN TURKEY,42,N,01,37.02,11,2.2,5,27.8
536370,2016,10,W,68.86,"TARAPACA, CHILE",10,S,01,21.15,11,2.9,109,59.0
536517,2016,10,W,96.69,OKLAHOMA,10,N,01,35.87,11,2.3,4,04.5
536368,2016,10,W,33.85,"GREATER LOS ANGELES AREA, CALIF.",47,N,00,33.25,11,2.1,16,55.5
536366,2016,10,E,28.86,WESTERN TURKEY,34,N,00,37.08,11,1.6,3,02.6
536357,2016,10,W,68.27,"ANTOFAGASTA, CHILE",03,S,00,21.60,11,3.4,141,52.0
536345,2016,10,E,30.04,WESTERN TURKEY,24,N,23,37.87,10,1.9,12,43.2
536356,2016,10,E,42.59,CENTRAL ITALY,14,S,23,30.79,10,2.8,10,27.0
536344,2016,10,E,40.62,WESTERN TURKEY,57,N,22,42.34,10,1.9,5,38.8
536341,2016,10,E,33.48,CYPRUS REGION,41,N,22,34.99,10,2.6,10,54.6
536341,2016,10,E,33.48,CYPRUS REGION,41,N,22,34.99,10,2.6,10,54.6
536339,2016,10,W,36.42,OKLAHOMA,39,S,22,78.05,10,2.7,5,02.0
536334,2016,10,E,28.15,DODECANESE IS.-TURKEY BORDER REG,48,N,21,36.39,10,2.3,40,53.9
537785,2016,10,W,96.89,OKLAHOMA,11,N,21,36.44,10,2.2,3,02.4
536333,2016,10,W,70.07,"ANTOFAGASTA, CHILE",10,S,21,23.43,10,2.3,22,20.0
536329,2016,10,W,72.04,"OFFSHORE VALPARAISO, CHILE",41,S,20,32.94,10,3.6,24,29.0
536328,2016,10,W,96.88,OKLAHOMA,27,N,20,36.44,10,3.5,5,55.7
536326,2016,10,W,66.32,NORTHERN ALASKA,22,N,20,44.56,10,2.1,24,27.3
536325,2016,10,E,29.41,WESTERN TURKEY,10,N,20,36.36,10,2.9,5,09.7
536327,2016,10,E,28.82,DODECANESE IS.-TURKEY BORDER REG,03,N,20,36.53,10,1.7,25,29.9
536321,2016,10,W,68.69,"ANTOFAGASTA, CHILE",51,S,18,21.91,10,2.9,109,24.0
536319,2016,10,E,42.48,TURKEY-SYRIA-IRAQ BORDER REGION,50,N,18,37.31,10,3.0,5,10.7
536318,2016,10,E,28.86,WESTERN TURKEY,32,N,18,37.07,10,2.9,10,11.0
538444,2016,10,E,25.95,"CRETE, GREECE",24,N,18,34.50,10,2.4,2,31.1
536312,2016,10,W,58.67,SOUTHEASTERN ALASKA,20,N,18,36.06,10,2.0,8,43.8
536311,2016,10,W,36.21,NEVADA,19,N,18,36.82,10,2.0,5,12.1
536307,2016,10,E,39.07,AEGEAN SEA,02,N,18,36.21,10,2.0,2,28.3
536331,2016,10,W,67.43,"POTOSI, BOLIVIA",01,S,18,21.83,10,4.3,211,15.9
536310,2016,10,E,22.84,GREECE,59,N,17,78.68,10,3.0,1,52.0
536300,2016,10,W,34.06,"GREATER LOS ANGELES AREA, CALIF.",13,N,17,36.72,10,2.3,14,53.3
536304,2016,10,E,34.93,CYPRUS REGION,52,N,16,69.33,10,2.8,12,07.0
536302,2016,10,W,59.82,"KENAI PENINSULA, ALASKA",27,S,16,17.93,10,2.0,46,02.8
536293,2016,10,W,64.69,VIRGIN ISLANDS REGION,03,N,16,18.87,10,3.3,14,43.5
536296,2016,10,W,18.22,PUERTO RICO,00,N,16,37.86,10,2.5,25,42.3
536289,2016,10,W,36.46,OKLAHOMA,49,N,15,37.25,10,2.6,9,59.7
536287,2016,10,E,16.26,POLAND,40,N,15,51.50,10,3.2,1,54.7
536295,2016,10,E,22.00,GREECE,39,N,15,38.37,10,2.1,6,34.2
537869,2016,10,E,39.18,WESTERN TURKEY,37,N,15,54.07,10,2.0,5,56.0
536284,2016,10,W,68.53,"ANTOFAGASTA, CHILE",55,S,14,21.93,10,4.2,123,47.3
536284,2016,10,W,68.53,"ANTOFAGASTA, CHILE",55,S,14,21.93,10,4.2,123,47.3
536283,2016,10,E,25.17,AEGEAN SEA,49,N,14,40.25,10,2.4,17,26.6
537868,2016,10,E,28.30,SOUTHERN IRAN,45,N,14,54.78,10,3.5,8,58.0
536279,2016,10,E,27.51,WESTERN TURKEY,56,N,13,38.16,10,2.7,5,20.7
536282,2016,10,E,35.40,"CRETE, GREECE",54,N,13,55.40,10,3.0,32,30.0
537867,2016,10,W,15.33,TONGA,22,N,13,57.54,10,5.1,15,05.0
536276,2016,10,E,20.60,GREECE,14,N,13,40.04,10,2.4,11,39.3
536309,2016,10,W,18.53,PUERTO RICO REGION,11,N,13,46.61,10,2.7,12,22.7
536268,2016,10,E,40.04,CENTRAL TURKEY,03,N,13,33.97,10,2.0,5,27.9
536267,2016,10,E,27.88,WESTERN TURKEY,49,N,12,37.17,10,1.7,23,47.1
536265,2016,10,W,30.39,"OFFSHORE COQUIMBO, CHILE",36,N,12,33.30,10,4.3,10,21.4
536262,2016,10,E,14.59,SLOVENIA,43,N,11,45.94,10,2.0,2,41.6
538502,2016,10,E,61.23,SOUTHWEST INDIAN RIDGE,33,S,11,28.94,10,4.4,15,51.3
536259,2016,10,E,42.92,CENTRAL ITALY,20,N,11,49.50,10,2.5,10,10.8
536257,2016,10,E,13.18,CENTRAL ITALY,04,N,11,42.92,10,2.5,10,18.6
536256,2016,10,E,19.82,SERBIA,50,N,10,43.27,10,2.5,2,37.5
536253,2016,10,E,27.41,DODECANESE IS.-TURKEY BORDER REG,29,N,10,36.80,10,2.5,4,20.7
536252,2016,10,E,32.27,CENTRAL TURKEY,28,N,10,37.46,10,1.9,21,09.0
536254,2016,10,E,33.33,CENTRAL TURKEY,52,N,09,38.31,10,2.3,5,24.9
536247,2016,10,E,27.39,DODECANESE IS.-TURKEY BORDER REG,27,N,09,36.80,10,2.4,7,59.8
536246,2016,10,E,28.18,WESTERN TURKEY,22,N,09,37.22,10,2.0,5,01.1
536248,2016,10,E,40.04,WESTERN TURKEY,14,N,09,46.92,10,1.6,5,42.2
536240,2016,10,E,33.63,CYPRUS REGION,54,N,08,35.33,10,1.9,5,14.6
536243,2016,10,E,29.28,WESTERN TURKEY,53,N,08,40.48,10,1.8,10,01.0
536264,2016,10,W,67.20,PUERTO RICO REGION,48,N,08,19.08,10,3.1,53,54.1
536238,2016,10,W,32.46,"OFFSHORE VALPARAISO, CHILE",35,S,08,15.32,10,2.7,37,06.8
536233,2016,10,E,39.61,WESTERN TURKEY,32,N,08,36.64,10,1.7,3,15.4
536234,2016,10,E,28.86,DODECANESE IS.-TURKEY BORDER REG,13,N,08,36.76,10,1.8,8,02.2
536330,2016,10,W,51.75,"ANDREANOF ISLANDS, ALEUTIAN IS.",48,N,07,52.38,10,2.6,68,26.0
536227,2016,10,E,38.76,GREECE,31,N,07,61.17,10,2.5,8,07.0
536226,2016,10,E,27.81,WESTERN TURKEY,01,N,07,38.78,10,1.8,4,48.8
536218,2016,10,W,30.31,"COQUIMBO, CHILE",56,N,06,47.53,10,2.6,65,01.2
536219,2016,10,W,68.78,"ANTOFAGASTA, CHILE",49,S,06,22.44,10,3.2,112,06.0
536230,2016,10,W,64.74,VIRGIN ISLANDS REGION,43,N,06,19.07,10,2.8,48,50.8
536220,2016,10,W,66.64,PUERTO RICO REGION,42,N,06,17.89,10,2.4,9,25.9
537865,2016,10,W,32.27,"BAJA CALIFORNIA, MEXICO",25,N,06,53.41,10,2.1,10,05.0
536215,2016,10,E,20.60,GREECE,13,N,06,40.04,10,2.3,1,18.8
536229,2016,10,W,65.37,PUERTO RICO REGION,10,N,06,17.99,10,2.5,17,38.9
536228,2016,10,W,65.37,PUERTO RICO REGION,59,N,05,18.00,10,2.6,14,23.1
536213,2016,10,E,28.97,WESTERN TURKEY,51,N,05,40.61,10,1.9,5,34.2
536391,2016,10,E,32.88,CYPRUS REGION,28,N,05,34.61,10,1.6,9,15.6
536211,2016,10,W,37.46,"SAN FRANCISCO BAY AREA, CALIF.",24,N,05,60.28,10,2.4,9,30.0
536202,2016,10,E,39.69,WESTERN TURKEY,40,N,04,45.98,10,1.8,1,18.2
536200,2016,10,E,23.04,WESTERN AUSTRALIA,31,N,04,36.24,10,2.8,18,09.3
536354,2016,10,E,40.30,WESTERN TURKEY,29,S,04,23.04,10,1.7,5,46.0
536206,2016,10,W,37.13,PORTUGAL,08,N,04,62.01,10,2.1,1,10.0
536353,2016,10,W,36.20,OKLAHOMA,46,S,03,30.67,10,2.8,6,49.0
536195,2016,10,E,29.81,WESTERN TURKEY,18,N,03,38.77,10,2.9,3,38.4
537864,2016,10,W,52.44,"FOX ISLANDS, ALEUTIAN ISLANDS",14,N,03,52.48,10,2.5,12,20.0
536190,2016,10,E,20.10,ALBANIA,58,N,02,40.01,10,3.1,2,13.5
537862,2016,10,W,21.15,"TARAPACA, CHILE",54,N,02,52.54,10,3.0,112,15.0
536208,2016,10,E,29.62,WESTERN TURKEY,43,N,02,36.23,10,1.9,5,04.6
536180,2016,10,W,32.37,"OFFSHORE VALPARAISO, CHILE",39,N,02,19.48,10,3.0,30,11.4
537861,2016,10,E,38.98,WESTERN TURKEY,11,N,02,53.41,10,2.4,7,53.0
536191,2016,10,E,70.94,"HINDU KUSH REGION, AFGHANISTAN",58,N,01,36.62,10,4.4,208,06.2
536169,2016,10,W,71.57,"OFFSHORE COQUIMBO, CHILE",54,S,01,30.09,10,3.4,20,58.0
536164,2016,10,W,70.05,"OFFSHORE ANTOFAGASTA, CHILE",23,S,01,21.43,10,2.5,44,44.0
536170,2016,10,E,24.83,ROMANIA,18,N,01,45.24,10,2.7,5,54.9
536170,2016,10,E,24.83,ROMANIA,18,N,01,45.24,10,2.7,5,54.9
536181,2016,10,E,39.74,EASTERN TURKEY,52,N,00,39.94,10,2.0,21,02.2
536179,2016,10,E,27.21,WESTERN TURKEY,47,N,00,38.00,10,1.6,5,18.3
536157,2016,10,W,51.87,"ANDREANOF ISLANDS, ALEUTIAN IS.",36,N,00,35.83,10,2.5,48,41.6
536159,2016,10,E,37.14,WESTERN TURKEY,34,N,00,52.46,10,1.6,10,17.0
536156,2016,10,E,39.96,EASTERN TURKEY,05,N,00,59.12,10,2.9,5,45.0
536176,2016,10,E,33.65,CENTRAL TURKEY,03,N,00,41.00,10,2.1,12,53.7
538317,2016,10,W,52.26,"FOX ISLANDS, ALEUTIAN ISLANDS",51,N,23,52.27,09,3.5,25,13.0
536231,2016,10,E,21.25,SOUTHERN GREECE,43,N,23,36.48,09,2.2,4,01.6
536172,2016,10,E,28.54,WESTERN TURKEY,23,N,23,37.18,09,1.8,2,07.4
538316,2016,10,W,15.92,"GUADELOUPE REGION, LEEWARD ISL.",14,N,23,52.28,09,3.6,26,50.0
536148,2016,10,E,40.10,WESTERN TURKEY,03,N,23,36.03,09,2.0,6,00.0
536143,2016,10,W,90.15,GUATEMALA,55,N,22,14.28,09,4.6,200,07.2
536151,2016,10,E,48.52,AZERBAIJAN,52,N,22,41.14,09,3.6,44,25.3
536141,2016,10,W,68.67,"ANTOFAGASTA, CHILE",48,S,22,21.84,09,3.1,127,42.0
536141,2016,10,W,68.67,"ANTOFAGASTA, CHILE",48,S,22,21.84,09,3.1,127,42.0
536139,2016,10,W,72.10,"OFF COAST OF TARAPACA, CHILE",38,S,22,20.84,09,3.7,24,14.0
536136,2016,10,E,44.89,"CAUCASUS REGION, RUSSIA",03,N,22,61.21,09,3.8,10,14.0
536133,2016,10,E,30.08,WESTERN TURKEY,10,N,21,38.92,09,2.2,5,10.7
536132,2016,10,E,22.10,FYR OF MACEDONIA,00,N,21,41.85,09,2.4,2,42.8
536129,2016,10,E,13.26,CENTRAL ITALY,42,N,20,42.91,09,2.6,6,37.5
536131,2016,10,W,69.47,"ANTOFAGASTA, CHILE",36,S,20,23.97,09,3.1,81,09.0
536149,2016,10,W,64.07,VIRGIN ISLANDS REGION,23,N,20,18.59,09,2.8,31,14.1
536225,2016,10,E,22.17,GREECE,15,N,20,39.23,09,2.1,85,48.6
536126,2016,10,W,99.01,OKLAHOMA,07,N,20,36.51,09,3.0,3,23.5
536127,2016,10,W,38.76,NORTHERN CALIFORNIA,00,N,20,60.40,09,2.3,1,52.0
536122,2016,10,E,35.01,"DODECANESE ISLANDS, GREECE",47,N,19,38.50,09,3.2,2,23.6
536121,2016,10,E,32.76,CYPRUS REGION,35,N,19,73.18,09,2.2,50,53.0
536119,2016,10,W,36.50,OKLAHOMA,32,N,19,47.46,09,2.6,3,28.5
536116,2016,10,W,23.81,"ANTOFAGASTA, CHILE",08,N,19,44.25,09,3.5,263,46.9
536115,2016,10,W,67.44,"ANTOFAGASTA, CHILE",02,S,19,23.81,09,3.5,263,25.0
536224,2016,10,W,52.71,"FOX ISLANDS, ALEUTIAN ISLANDS",00,N,19,49.78,09,3.6,7,07.2
536123,2016,10,W,44.30,OFF COAST OF OREGON,52,N,18,60.20,09,4.1,10,46.0
536120,2016,10,W,64.50,VIRGIN ISLANDS REGION,51,N,18,18.83,09,3.2,2,12.7
536111,2016,10,W,54.44,ALASKA PENINSULA,33,N,18,61.04,09,2.4,10,38.0
536216,2016,10,E,21.91,SOUTHERN GREECE,19,N,18,37.73,09,2.2,2,54.6
536140,2016,10,W,96.76,OKLAHOMA,07,N,18,36.03,09,2.0,3,55.8
536109,2016,10,E,19.75,"KERKIRA REGION, GREECE",05,N,18,75.33,09,2.1,2,28.0
536108,2016,10,E,33.66,NEAR COAST OF SOUTH AUSTRALIA,13,N,17,65.29,09,2.2,15,33.0
536107,2016,10,E,28.16,EASTERN MEDITERRANEAN SEA,50,N,16,35.92,09,2.0,8,13.1
536106,2016,10,W,52.76,"FOX ISLANDS, ALEUTIAN ISLANDS",48,S,16,22.91,09,3.4,10,14.6
536105,2016,10,W,69.24,"TARAPACA, CHILE",41,S,16,19.76,09,3.2,96,04.0
536290,2016,10,W,96.90,OKLAHOMA,37,N,16,36.42,09,2.0,6,59.1
536217,2016,10,E,20.16,GREECE,36,N,16,38.14,09,2.5,7,32.6
536102,2016,10,E,38.18,GREECE,58,N,15,76.53,09,2.0,16,31.0
536099,2016,10,E,40.54,GREECE,04,N,15,14.80,09,2.2,5,53.7
536104,2016,10,W,99.04,OKLAHOMA,37,N,14,36.51,09,2.5,5,32.9
536096,2016,10,W,73.19,NORTHERN COLOMBIA,18,N,14,45.08,09,3.5,144,36.7
536093,2016,10,E,27.70,WESTERN TURKEY,59,N,13,39.01,09,1.9,8,23.8
536089,2016,10,E,36.72,DODECANESE IS.-TURKEY BORDER REG,44,N,13,19.46,09,1.9,64,28.6
536085,2016,10,E,27.70,WESTERN TURKEY,15,N,13,38.85,09,2.0,1,54.2
536084,2016,10,E,40.93,EASTERN TURKEY,13,N,13,40.10,09,2.8,11,07.7
536083,2016,10,W,66.64,PUERTO RICO REGION,02,N,13,17.89,09,2.2,6,29.1
536086,2016,10,E,62.41,NORWEGIAN SEA,57,N,12,58.73,09,4.7,2,26.0
536355,2016,10,W,36.42,OKLAHOMA,40,S,12,28.41,09,3.7,4,28.0
536070,2016,10,E,20.22,GREECE,04,N,12,38.23,09,3.9,2,12.2
536071,2016,10,E,27.87,WESTERN TURKEY,58,N,11,37.25,09,1.7,26,04.8
536071,2016,10,E,27.87,WESTERN TURKEY,58,N,11,37.25,09,1.7,26,04.8
536063,2016,10,E,32.16,CENTRAL TURKEY,27,N,11,39.41,09,1.7,10,10.3
538455,2016,10,W,18.93,PUERTO RICO REGION,18,N,11,44.34,09,2.7,38,26.6
536061,2016,10,E,28.74,DODECANESE IS.-TURKEY BORDER REG,02,N,11,36.52,09,2.0,20,13.5
536079,2016,10,W,64.24,VIRGIN ISLANDS REGION,01,N,11,18.71,09,2.2,61,21.7
536068,2016,10,E,91.17,WESTERN MONGOLIA,59,N,10,49.86,09,3.9,10,52.9
536075,2016,10,W,66.64,PUERTO RICO REGION,59,N,10,17.88,09,2.4,12,36.3
536064,2016,10,W,73.15,NORTHERN COLOMBIA,56,N,10,60.11,09,3.1,148,47.0
536059,2016,10,E,27.70,WESTERN TURKEY,52,N,10,39.01,09,2.7,7,24.4
536058,2016,10,E,27.71,WESTERN TURKEY,51,N,10,39.01,09,2.6,7,14.8
536055,2016,10,E,13.21,CENTRAL ITALY,39,N,10,42.63,09,2.8,11,21.5
536052,2016,10,W,69.13,"TARAPACA, CHILE",17,S,10,20.72,09,2.9,110,50.0
536050,2016,10,E,33.82,CENTRAL TURKEY,05,N,10,36.51,09,1.6,12,57.9
538315,2016,10,W,17.84,PUERTO RICO REGION,42,N,09,57.09,09,2.0,6,00.0
536048,2016,10,W,69.24,"TARAPACA, CHILE",19,S,09,20.16,09,3.3,94,43.0
536045,2016,10,E,27.86,WESTERN TURKEY,06,N,09,37.17,09,1.8,5,44.4
538314,2016,10,E,37.15,WESTERN TURKEY,04,N,09,51.62,09,1.7,5,18.8
536245,2016,10,E,32.08,CYPRUS REGION,51,N,08,34.79,09,1.7,17,17.3
536038,2016,10,E,15.42,CROATIA,29,N,08,45.79,09,1.5,1,53.7
536041,2016,10,E,37.85,WESTERN TURKEY,29,N,08,58.17,09,2.5,5,18.0
536090,2016,10,E,35.57,CENTRAL TURKEY,13,N,08,83.33,09,2.0,5,30.0
536065,2016,10,W,64.27,VIRGIN ISLANDS REGION,49,N,07,18.53,09,2.3,5,30.3
536033,2016,10,E,37.78,SOUTHERN GREECE,26,N,07,60.52,09,2.1,1,22.0
536062,2016,10,W,66.67,PUERTO RICO REGION,00,N,07,17.88,09,2.3,10,33.9
536103,2016,10,E,36.52,WESTERN TURKEY,00,N,07,83.33,09,1.7,19,30.0
536028,2016,10,E,85.74,"NORTHERN XINJIANG, CHINA",33,N,06,42.85,09,4.1,1,14.1
536024,2016,10,E,28.14,WESTERN TURKEY,27,N,06,37.20,09,1.6,5,51.9
536022,2016,10,E,27.73,WESTERN TURKEY,21,N,06,39.00,09,4.0,8,01.0
538313,2016,10,W,29.86,"OFFSHORE COQUIMBO, CHILE",11,N,06,54.20,09,3.4,33,18.0
536015,2016,10,E,31.46,WESTERN TURKEY,56,N,05,38.91,09,1.8,9,04.9
536015,2016,10,E,31.46,WESTERN TURKEY,56,N,05,38.91,09,1.8,9,04.9
536014,2016,10,W,69.64,"ANTOFAGASTA, CHILE",47,S,05,25.59,09,3.3,89,07.0
536013,2016,10,W,73.16,NORTHERN COLOMBIA,04,N,05,19.31,09,3.6,147,41.5
536009,2016,10,E,13.20,CENTRAL ITALY,42,N,04,42.74,09,3.7,10,42.3
536001,2016,10,E,26.69,"DODECANESE ISLANDS, GREECE",11,N,04,36.66,09,3.6,159,12.8
535995,2016,10,W,71.43,"COQUIMBO, CHILE",57,S,03,30.71,09,3.8,49,16.0
535994,2016,10,E,23.30,"CRETE, GREECE",54,N,03,35.33,09,3.2,26,38.9
536002,2016,10,E,45.17,CROATIA,49,N,03,59.75,09,2.8,8,21.0
535990,2016,10,W,96.88,OKLAHOMA,32,N,03,36.07,09,2.5,5,01.0
535987,2016,10,E,39.92,GREECE,29,N,03,39.31,09,2.2,2,02.5
535986,2016,10,E,37.08,CENTRAL TURKEY,13,N,03,37.54,09,2.2,10,36.9
536004,2016,10,W,65.43,NORTHERN ALASKA,09,N,03,65.43,09,3.2,5,43.0
536037,2016,10,E,19.78,ALBANIA,51,N,02,40.77,09,2.3,4,07.7
535982,2016,10,E,13.19,CENTRAL ITALY,47,N,02,42.74,09,3.1,10,28.9
535983,2016,10,W,68.72,"ANTOFAGASTA, CHILE",47,S,02,22.77,09,2.8,90,12.0
535980,2016,10,E,43.17,EASTERN TURKEY,45,N,02,38.57,09,1.8,8,55.9
535981,2016,10,E,13.19,CENTRAL ITALY,45,N,02,42.75,09,2.6,10,53.3
535981,2016,10,E,13.19,CENTRAL ITALY,45,N,02,42.75,09,2.6,10,53.3
536011,2016,10,E,40.61,WESTERN TURKEY,28,N,02,64.65,09,1.6,5,49.0
535979,2016,10,E,29.70,WESTERN TURKEY,26,N,02,36.29,09,1.5,5,29.7
536046,2016,10,E,23.36,"CRETE, GREECE",20,N,02,35.38,09,2.1,39,31.2
535976,2016,10,E,42.69,MONTENEGRO,15,N,02,38.79,09,2.1,15,26.2
535977,2016,10,E,29.66,WESTERN TURKEY,04,N,02,39.16,09,2.0,5,43.0
535978,2016,10,W,62.32,CENTRAL ALASKA,42,N,01,13.83,09,2.5,48,54.3
536006,2016,10,W,66.81,PUERTO RICO REGION,25,N,01,17.82,09,2.0,9,31.9
536040,2016,10,E,19.29,"KERKIRA REGION, GREECE",24,N,01,39.73,09,2.5,2,51.9
535975,2016,10,W,65.44,NORTHERN ALASKA,20,N,01,63.24,09,2.0,0,49.0
538310,2016,10,E,39.98,CENTRAL TURKEY,14,N,01,53.14,09,2.0,6,04.0
535967,2016,10,E,28.99,WESTERN TURKEY,07,N,01,40.57,09,1.5,2,20.6
535966,2016,10,W,70.55,"SAN JUAN, ARGENTINA",02,S,01,31.37,09,4.1,115,40.9
535964,2016,10,W,48.74,WASHINGTON,53,N,00,35.61,09,2.4,19,24.0
535963,2016,10,E,28.96,WESTERN TURKEY,37,N,00,40.61,09,1.6,5,34.0
535963,2016,10,E,28.96,WESTERN TURKEY,37,N,00,40.61,09,1.6,5,34.0
535962,2016,10,E,28.96,WESTERN TURKEY,35,N,00,40.61,09,1.5,5,38.7
535960,2016,10,E,28.95,WESTERN TURKEY,24,N,00,40.61,09,1.8,6,49.4
535959,2016,10,E,40.58,WESTERN TURKEY,18,N,00,35.47,09,1.5,3,58.0
535957,2016,10,E,28.97,WESTERN TURKEY,12,N,00,40.61,09,1.8,5,17.3
536005,2016,10,W,66.54,PUERTO RICO REGION,11,N,00,19.15,09,3.0,9,49.5
535955,2016,10,E,28.95,WESTERN TURKEY,59,N,23,40.61,08,1.9,5,04.3
535953,2016,10,E,13.12,CENTRAL ITALY,57,N,23,42.76,08,2.8,10,09.1
535952,2016,10,E,31.66,WESTERN TURKEY,54,N,23,40.14,08,2.1,2,31.0
535949,2016,10,E,28.97,WESTERN TURKEY,44,N,23,40.61,08,1.7,5,17.2
535950,2016,10,W,70.51,"SAN JUAN, ARGENTINA",41,S,23,31.41,08,3.2,98,08.0
535948,2016,10,W,97.52,OKLAHOMA,40,N,23,36.28,08,2.9,2,38.7
535943,2016,10,E,28.97,WESTERN TURKEY,31,N,23,40.60,08,1.7,4,57.1
535992,2016,10,W,66.65,PUERTO RICO REGION,19,N,23,17.88,08,2.3,7,41.6
535991,2016,10,W,66.64,PUERTO RICO REGION,17,N,23,17.90,08,2.2,18,02.9
535940,2016,10,E,28.95,WESTERN TURKEY,16,N,23,40.61,08,2.9,6,38.2
535946,2016,10,E,28.97,WESTERN TURKEY,13,N,23,40.61,08,1.7,4,42.1
535945,2016,10,E,28.95,WESTERN TURKEY,10,N,23,40.61,08,1.7,5,15.6
535944,2016,10,E,28.95,WESTERN TURKEY,09,N,23,40.61,08,1.6,5,03.7
535956,2016,10,E,60.97,SOUTHWEST INDIAN RIDGE,07,S,23,29.20,08,4.6,2,27.5
535956,2016,10,E,60.97,SOUTHWEST INDIAN RIDGE,07,S,23,29.20,08,4.6,2,27.5
535936,2016,10,E,28.95,WESTERN TURKEY,06,N,23,40.61,08,2.7,6,53.0
535935,2016,10,E,28.95,WESTERN TURKEY,02,N,23,40.62,08,3.6,6,46.7
535925,2016,10,W,62.35,CENTRAL ALASKA,43,N,22,34.01,08,3.4,13,49.2
535927,2016,10,W,68.85,"TARAPACA, CHILE",38,S,22,20.70,08,3.1,105,39.0
535942,2016,10,W,14.92,SAMOA ISLANDS REGION,32,N,22,59.22,08,5.0,10,02.0
536032,2016,10,E,20.38,IONIAN SEA,20,N,22,37.80,08,2.3,5,55.1
535926,2016,10,W,51.82,"ANDREANOF ISLANDS, ALEUTIAN IS.",17,N,22,62.27,08,2.0,12,25.0
535923,2016,10,E,28.97,WESTERN TURKEY,48,N,21,40.61,08,1.9,6,47.6
535924,2016,10,E,28.96,WESTERN TURKEY,45,N,21,40.55,08,1.6,2,57.1
535922,2016,10,W,71.37,"OFF COAST OF TARAPACA, CHILE",43,S,21,19.36,08,3.2,28,23.0
535921,2016,10,E,40.61,WESTERN TURKEY,37,N,21,43.80,08,3.3,6,20.3
537013,2016,10,E,43.76,LIGURIAN SEA,19,N,21,51.49,08,2.6,2,57.0
535965,2016,10,E,40.88,WESTERN TURKEY,14,N,21,49.42,08,1.9,14,19.2
535912,2016,10,W,37.45,CENTRAL CALIFORNIA,11,N,21,34.74,08,2.6,7,26.9
535920,2016,10,E,37.57,SOUTHERN GREECE,51,N,20,47.96,08,2.0,12,57.1
535909,2016,10,E,29.21,WESTERN TURKEY,17,N,20,37.85,08,2.2,16,29.9
535902,2016,10,E,21.36,SOUTHERN GREECE,50,N,19,37.81,08,2.5,11,05.3
535897,2016,10,E,37.87,WESTERN TURKEY,41,S,19,37.18,08,2.8,7,17.2
535892,2016,10,W,71.17,"MAULE, CHILE",13,S,19,35.68,08,3.6,108,50.0
535904,2016,10,E,37.86,SOUTHERN GREECE,12,N,19,61.28,08,3.1,12,52.0
535890,2016,10,E,42.75,CENTRAL ITALY,03,N,19,32.24,08,2.6,11,01.2
535888,2016,10,E,34.60,CENTRAL TURKEY,39,N,18,37.19,08,2.7,10,24.7
535907,2016,10,E,42.74,CENTRAL ITALY,36,N,18,42.83,08,2.5,10,27.9
535896,2016,10,E,41.11,ALBANIA,28,N,18,26.69,08,2.4,3,27.7
535910,2016,10,E,12.47,SOUTHWEST OF AFRICA,15,S,18,52.86,08,4.7,10,53.2
535881,2016,10,E,21.86,GREECE,12,N,18,38.49,08,2.1,13,35.2
535879,2016,10,E,13.19,CENTRAL ITALY,11,N,18,42.74,08,3.9,11,09.6
535879,2016,10,E,13.19,CENTRAL ITALY,11,N,18,42.74,08,3.9,11,09.6
535880,2016,10,W,61.55,SOUTHERN ALASKA,10,N,18,19.98,08,2.0,34,11.4
535872,2016,10,W,70.38,"OFFSHORE ANTOFAGASTA, CHILE",33,S,17,21.58,08,2.4,16,23.0
535870,2016,10,W,72.25,"OFFSHORE COQUIMBO, CHILE",27,S,17,29.53,08,4.2,2,19.4
535871,2016,10,W,70.70,"COQUIMBO, CHILE",20,S,17,32.05,08,2.9,106,45.0
535865,2016,10,E,38.68,CENTRAL TURKEY,11,N,17,32.67,08,2.5,5,19.8
535858,2016,10,W,58.58,SOUTHEASTERN ALASKA,47,N,16,33.05,08,2.0,8,23.8
535867,2016,10,W,96.90,OKLAHOMA,23,N,16,36.41,08,2.2,6,26.1
536030,2016,10,E,22.29,SOUTHERN GREECE,22,N,16,36.07,08,2.3,11,38.5
536314,2016,10,W,18.24,"MONA PASSAGE, PUERTO RICO",14,N,16,40.74,08,2.3,16,20.3
535851,2016,10,E,39.49,EASTERN TURKEY,48,N,15,40.75,08,2.3,25,18.3
535852,2016,10,W,17.41,"VERACRUZ, MEXICO",46,N,15,44.00,08,4.4,184,05.4
536303,2016,10,E,37.74,WESTERN TURKEY,21,N,15,44.75,08,2.0,3,48.2
535850,2016,10,W,68.69,"ANTOFAGASTA, CHILE",57,S,14,24.51,08,3.8,133,58.2
535850,2016,10,W,68.69,"ANTOFAGASTA, CHILE",57,S,14,24.51,08,3.8,133,58.2
535847,2016,10,E,38.20,EASTERN TURKEY,53,N,14,38.18,08,2.2,7,14.0
535866,2016,10,W,65.16,PUERTO RICO REGION,51,N,14,18.81,08,2.0,39,59.2
535846,2016,10,E,23.00,SOUTHERN GREECE,43,N,14,37.66,08,2.5,15,12.4
535848,2016,10,E,20.36,GREECE,39,N,14,38.14,08,2.7,17,53.1
535843,2016,10,E,36.76,DODECANESE IS.-TURKEY BORDER REG,09,N,14,39.28,08,2.1,66,32.2
535841,2016,10,W,37.72,OFFSHORE NORTHERN CALIFORNIA,01,N,14,36.24,08,2.4,10,25.2
535835,2016,10,E,24.41,AEGEAN SEA,06,N,13,38.58,08,2.2,14,16.7
535842,2016,10,E,23.74,"CRETE, GREECE",04,N,13,34.70,08,2.1,20,14.0
535832,2016,10,E,39.98,GREECE,02,N,13,38.81,08,2.1,12,52.2
535864,2016,10,W,65.67,PUERTO RICO REGION,54,N,12,18.87,08,2.8,32,34.7
535839,2016,10,E,20.53,GREECE,51,N,12,38.09,08,2.7,14,08.2
535863,2016,10,W,66.62,PUERTO RICO REGION,41,N,12,17.85,08,2.5,12,09.1
535829,2016,10,E,13.19,CENTRAL ITALY,40,N,12,42.75,08,3.2,11,58.9
535831,2016,10,E,34.52,CENTRAL TURKEY,33,N,12,36.72,08,1.5,17,58.9
535827,2016,10,E,13.20,CENTRAL ITALY,22,N,12,42.74,08,1.7,9,06.0
535826,2016,10,E,13.18,CENTRAL ITALY,19,N,12,42.75,08,3.6,9,03.2
535817,2016,10,W,96.94,OKLAHOMA,08,N,12,36.39,08,2.8,5,08.4
535817,2016,10,W,96.94,OKLAHOMA,08,N,12,36.39,08,2.8,5,08.4
535845,2016,10,E,42.63,CENTRAL ITALY,05,N,12,44.37,08,2.7,12,43.8
535830,2016,10,E,21.34,SOUTHERN GREECE,40,N,11,37.82,08,2.0,1,33.7
535812,2016,10,W,98.77,OKLAHOMA,10,N,11,36.45,08,3.3,8,29.4
535809,2016,10,W,83.22,OFF COAST OF COSTA RICA,53,N,10,19.34,08,4.0,15,16.6
535813,2016,10,W,59.79,SOUTHERN ALASKA,38,N,10,36.36,08,2.0,136,00.0
535836,2016,10,W,66.62,PUERTO RICO REGION,10,N,10,17.86,08,2.3,15,39.6
535806,2016,10,E,31.59,WESTERN TURKEY,58,N,09,40.13,08,2.2,5,43.9
535807,2016,10,E,27.09,DODECANESE IS.-TURKEY BORDER REG,54,N,09,36.05,08,2.2,10,10.6
535804,2016,10,W,70.46,"ATACAMA, CHILE",50,S,09,73.15,08,3.7,106,05.0
535838,2016,10,W,64.50,VIRGIN ISLANDS REGION,37,N,09,19.05,08,2.2,37,31.0
535803,2016,10,E,44.12,TURKEY-IRAN BORDER REGION,29,N,09,38.69,08,2.4,5,52.7
535802,2016,10,W,65.02,VIRGIN ISLANDS REGION,27,N,09,18.58,08,2.9,27,19.6
535800,2016,10,W,18.57,VIRGIN ISLANDS REGION,24,N,09,19.21,08,2.0,29,19.0
535833,2016,10,W,67.69,PUERTO RICO REGION,07,N,09,19.08,08,3.0,28,20.1
535796,2016,10,E,13.20,CENTRAL ITALY,19,N,08,78.64,08,3.2,10,37.0
535816,2016,10,W,66.96,PUERTO RICO REGION,09,N,08,17.89,08,2.3,11,07.8
536799,2016,10,W,25.37,"ANTOFAGASTA, CHILE",55,N,07,48.36,08,4.5,144,04.6
535795,2016,10,W,53.36,"FOX ISLANDS, ALEUTIAN ISLANDS",43,N,07,61.76,08,2.1,13,10.0
535790,2016,10,W,38.76,NORTHERN CALIFORNIA,32,N,07,13.63,08,2.2,25,53.6
535787,2016,10,E,39.18,WESTERN TURKEY,35,N,06,63.21,08,2.6,7,30.0
535799,2016,10,E,46.15,"CAUCASUS REGION, RUSSIA",15,N,06,42.07,08,3.5,10,08.1
536203,2016,10,E,25.70,ZAMBIA,12,S,06,13.99,08,3.0,10,38.4
535778,2016,10,E,27.90,SOUTHERN IRAN,06,N,06,33.24,08,4.0,25,26.5
537012,2016,10,E,39.99,WESTERN TURKEY,03,N,05,53.35,08,2.1,8,14.0
537016,2016,10,E,39.34,EASTERN TURKEY,47,N,04,67.18,08,2.3,5,20.0
535776,2016,10,W,71.17,"COQUIMBO, CHILE",43,S,04,29.40,08,4.3,53,46.7
535772,2016,10,E,29.43,WESTERN TURKEY,40,N,04,39.21,08,2.1,5,56.9
535772,2016,10,E,29.43,WESTERN TURKEY,40,N,04,39.21,08,2.1,5,56.9
535773,2016,10,W,20.37,NORTH ATLANTIC OCEAN,37,S,04,36.11,08,4.9,10,40.8
535769,2016,10,E,27.73,WESTERN TURKEY,22,N,04,38.89,08,2.3,6,40.7
535767,2016,10,E,40.55,EASTERN TURKEY,00,N,04,39.23,08,2.2,4,51.5
535766,2016,10,W,69.63,"TARAPACA, CHILE",53,S,03,18.69,08,2.9,111,21.0
535765,2016,10,W,69.26,"TARAPACA, CHILE",41,S,03,18.36,08,3.1,120,07.0
535762,2016,10,W,34.69,CENTRAL CALIFORNIA,26,N,03,34.69,08,3.4,3,59.1
535768,2016,10,W,73.18,NORTHERN COLOMBIA,19,N,03,63.25,08,2.3,143,43.0
535757,2016,10,E,34.82,CENTRAL TURKEY,46,N,02,40.51,08,2.3,6,40.9
535758,2016,10,E,27.64,WESTERN TURKEY,46,N,02,38.57,08,2.2,7,15.6
535764,2016,10,W,66.65,PUERTO RICO REGION,40,N,02,17.88,08,2.6,6,43.2
535756,2016,10,W,71.75,"OFFSHORE COQUIMBO, CHILE",36,S,02,31.20,08,3.0,32,56.0
535755,2016,10,W,65.41,"NEAR S COAST OF CHUKOTKA, RUSSIA",31,N,02,46.40,08,3.3,9,59.6
535744,2016,10,E,78.01,SVALBARD REGION,09,N,02,44.51,08,2.5,23,43.4
535743,2016,10,E,22.74,GREECE,38,N,01,38.14,08,2.4,9,59.6
535742,2016,10,E,38.82,EASTERN TURKEY,35,N,01,34.70,08,1.9,1,26.7
537010,2016,10,W,28.04,"LA RIOJA, ARGENTINA",13,N,01,53.55,08,4.0,105,16.0
535728,2016,10,E,40.96,GREECE,44,S,00,32.47,08,4.1,7,10.0
535727,2016,10,E,20.39,GREECE,30,N,00,38.32,08,2.5,11,31.3
535725,2016,10,W,30.96,"COQUIMBO, CHILE",21,N,00,20.02,08,4.6,67,27.6
535719,2016,10,E,70.32,"HINDU KUSH REGION, AFGHANISTAN",32,N,23,36.53,07,4.4,209,42.8
535717,2016,10,W,18.87,VIRGIN ISLANDS REGION,31,N,23,33.26,07,3.0,8,54.5
535777,2016,10,E,46.00,"CAUCASUS REGION, RUSSIA",23,N,23,42.14,07,3.2,2,03.3
535712,2016,10,W,17.87,PUERTO RICO REGION,21,N,23,37.54,07,2.5,5,56.8
536712,2016,10,W,55.53,OFF COAST OF SOUTHEASTERN ALASKA,05,N,23,64.10,07,2.7,27,20.0
535708,2016,10,E,26.84,"DODECANESE ISLANDS, GREECE",01,N,22,37.48,07,2.3,6,04.0
535705,2016,10,E,27.51,WESTERN TURKEY,54,N,21,40.81,07,1.8,4,18.5
535706,2016,10,W,35.75,OKLAHOMA,53,N,21,44.65,07,2.2,4,35.4
536135,2016,10,W,97.54,OKLAHOMA,45,N,21,35.75,07,2.2,4,20.0
535707,2016,10,E,40.06,EASTERN TURKEY,34,N,21,60.96,07,2.3,7,22.0
535694,2016,10,W,75.30,COLOMBIA,42,N,20,36.75,07,4.2,0,40.0
535698,2016,10,W,97.62,OKLAHOMA,20,N,20,36.82,07,2.9,5,20.8
535697,2016,10,E,26.96,"DODECANESE ISLANDS, GREECE",02,N,20,36.84,07,2.1,130,28.1
535692,2016,10,W,34.41,SOUTHERN CALIFORNIA,53,N,19,36.56,07,2.0,11,28.3
535691,2016,10,E,94.25,MYANMAR,28,N,19,22.87,07,4.5,10,35.1
535684,2016,10,W,71.71,"MAULE, CHILE",28,S,19,34.98,07,2.5,58,18.0
535685,2016,10,W,68.53,"ANTOFAGASTA, CHILE",27,S,19,21.31,07,3.8,116,53.0
535686,2016,10,W,64.99,VIRGIN ISLANDS REGION,14,N,19,73.17,07,2.1,6,18.0
535682,2016,10,E,13.13,CENTRAL ITALY,54,N,18,42.78,07,2.7,10,00.3
535679,2016,10,E,27.87,WESTERN TURKEY,35,N,18,38.97,07,2.3,13,22.3
535702,2016,10,W,64.95,VIRGIN ISLANDS REGION,30,N,18,19.00,07,2.4,36,28.4
535678,2016,10,W,37.87,UTAH,23,N,18,60.61,07,2.2,9,24.0
535677,2016,10,E,33.64,NEAR COAST OF SOUTH AUSTRALIA,01,N,18,65.39,07,2.9,10,05.0
535720,2016,10,E,38.55,NEAR THE COAST OF WESTERN TURKEY,55,S,17,33.64,07,2.2,6,14.0
535676,2016,10,E,87.56,"SOUTHWESTERN SIBERIA, RUSSIA",40,N,17,50.29,07,4.2,2,20.8
535674,2016,10,E,31.88,CYPRUS REGION,06,N,17,35.95,07,2.0,31,00.2
535669,2016,10,W,18.08,PUERTO RICO,38,N,16,73.19,07,2.3,3,20.0
535667,2016,10,E,37.20,CENTRAL TURKEY,20,N,16,39.42,07,3.0,2,03.2
535665,2016,10,W,22.12,"OFFSHORE ANTOFAGASTA, CHILE",17,N,16,56.59,07,2.5,35,30.9
535680,2016,10,E,30.01,EASTERN MEDITERRANEAN SEA,28,N,15,95.69,07,2.5,5,05.2
535660,2016,10,E,29.80,EASTERN MEDITERRANEAN SEA,16,N,15,35.84,07,2.1,8,15.1
535703,2016,10,W,93.87,"OFF COAST OF CHIAPAS, MEXICO",14,N,15,14.33,07,4.6,10,12.0
535659,2016,10,E,24.07,AEGEAN SEA,24,N,14,38.52,07,2.3,12,46.1
535655,2016,10,E,24.07,AEGEAN SEA,04,N,14,38.52,07,2.6,16,33.3
536150,2016,10,E,45.60,ROMANIA,03,S,14,32.93,07,2.9,138,28.0
535673,2016,10,W,66.06,PUERTO RICO,59,N,13,18.09,07,2.2,4,33.2
535653,2016,10,E,34.34,CENTRAL TURKEY,52,N,13,36.46,07,1.7,16,47.9
535653,2016,10,E,34.34,CENTRAL TURKEY,52,N,13,36.46,07,1.7,16,47.9
535650,2016,10,W,24.11,SOUTH OF TONGA,46,N,13,33.03,07,4.8,24,18.7
535649,2016,10,W,68.55,"MONA PASSAGE, DOMINICAN REPUBLIC",20,N,13,18.24,07,3.5,154,09.5
535657,2016,10,E,26.43,ROMANIA,16,N,13,45.52,07,2.8,131,18.6
535663,2016,10,E,40.44,EASTERN TURKEY,38,N,12,47.64,07,2.4,12,29.4
535642,2016,10,E,29.88,SOUTHEASTERN IRAN,18,S,12,56.69,07,4.2,13,30.0
535641,2016,10,W,32.65,"OFFSHORE VALPARAISO, CHILE",52,N,11,59.86,07,3.1,25,49.0
535636,2016,10,E,49.82,GERMANY,20,N,11,33.05,07,1.9,21,39.1
535635,2016,10,W,74.05,COLOMBIA,12,N,11,80.26,07,3.1,30,46.0
535632,2016,10,E,29.70,EASTERN MEDITERRANEAN SEA,48,N,10,35.68,07,2.1,3,49.5
535631,2016,10,E,39.63,AEGEAN SEA,34,N,10,37.67,07,3.0,2,46.1
535626,2016,10,W,33.10,"VALPARAISO, CHILE",11,N,10,19.84,07,3.6,57,35.2
535625,2016,10,E,11.02,AUSTRIA REGION,48,N,09,47.60,07,2.6,2,51.3
535617,2016,10,E,18.30,CROATIA,25,N,09,45.19,07,4.1,6,46.1
535622,2016,10,W,67.76,"MONA PASSAGE, PUERTO RICO",17,N,09,18.21,07,2.9,7,43.3
535722,2016,10,W,19.80,"TARAPACA, CHILE",05,N,09,19.41,07,3.0,105,12.0
535611,2016,10,E,38.80,NEAR THE COAST OF WESTERN TURKEY,42,N,08,19.41,07,2.1,10,07.5
535610,2016,10,E,27.75,WESTERN TURKEY,08,N,08,38.99,07,2.9,13,36.3
535605,2016,10,E,33.39,CENTRAL TURKEY,06,N,08,36.22,07,2.2,5,49.2
535606,2016,10,E,29.73,EASTERN MEDITERRANEAN SEA,03,N,08,35.68,07,2.1,14,17.3
535607,2016,10,E,42.90,CENTRAL ITALY,50,N,07,58.81,07,3.3,8,41.0
535597,2016,10,E,27.62,WESTERN TURKEY,39,N,07,38.58,07,2.2,5,25.0
535690,2016,10,E,27.61,WESTERN TURKEY,37,N,07,84.08,07,2.5,5,30.0
535594,2016,10,E,38.60,WESTERN TURKEY,27,N,07,46.52,07,2.5,5,07.6
535601,2016,10,E,25.28,"CRETE, GREECE",13,N,07,34.67,07,2.1,15,29.1
535587,2016,10,W,52.35,"FOX ISLANDS, ALEUTIAN ISLANDS",08,N,07,19.85,07,3.3,36,23.2
536708,2016,10,W,30.48,"OFFSHORE COQUIMBO, CHILE",55,N,06,52.35,07,2.5,29,55.0
535614,2016,10,W,64.43,VIRGIN ISLANDS REGION,25,N,06,19.69,07,3.4,45,35.5
536709,2016,10,W,41.01,NORTHERN CALIFORNIA,19,N,06,54.62,07,2.3,14,55.0
535582,2016,10,E,86.13,NEPAL,52,N,04,27.65,07,4.2,10,30.0
535579,2016,10,W,63.45,CENTRAL ALASKA,51,N,04,32.29,07,2.7,125,08.2
535578,2016,10,E,13.13,CENTRAL ITALY,34,N,04,42.78,07,2.8,10,42.1
535624,2016,10,E,10.67,AUSTRIA,43,N,03,47.48,07,2.1,5,03.6
535572,2016,10,E,23.32,"CRETE, GREECE",26,N,03,35.37,07,3.5,30,12.2
535589,2016,10,W,87.33,NEAR COAST OF NICARAGUA,15,N,03,11.65,07,4.3,45,29.1
535580,2016,10,E,40.21,EASTERN TURKEY,15,N,03,39.20,07,2.0,4,12.8
535613,2016,10,W,64.84,VIRGIN ISLANDS REGION,14,N,03,19.37,07,3.1,40,08.3
535553,2016,10,E,27.72,WESTERN TURKEY,31,N,02,38.90,07,2.5,7,49.4
535554,2016,10,W,26.03,"AZORES ISLANDS, PORTUGAL",30,N,02,38.27,07,2.0,1,55.0
535574,2016,10,E,30.57,"NEW SOUTH WALES, AUSTRALIA",10,S,02,32.39,07,3.1,2,12.0
535664,2016,10,W,30.58,"COQUIMBO, CHILE",35,N,01,31.58,07,4.1,77,30.5
535547,2016,10,E,27.73,WESTERN TURKEY,58,N,00,38.99,07,2.4,6,19.0
535547,2016,10,E,27.73,WESTERN TURKEY,58,N,00,38.99,07,2.4,6,19.0
535544,2016,10,W,89.58,SOUTHEASTERN MISSOURI,54,N,00,36.52,07,2.4,6,59.0
535541,2016,10,W,18.82,VIRGIN ISLANDS REGION,14,N,00,42.04,07,2.5,6,21.2
535573,2016,10,W,64.26,VIRGIN ISLANDS REGION,21,N,23,18.86,06,2.6,31,15.5
535536,2016,10,W,97.54,OKLAHOMA,16,N,23,36.81,06,2.5,3,19.3
535535,2016,10,E,69.93,"HINDU KUSH REGION, AFGHANISTAN",15,N,23,36.13,06,4.5,107,04.7
535651,2016,10,E,21.48,KOSOVO-SERBIA-FYROM BORDER REG.,06,N,23,42.02,06,1.6,1,22.0
535529,2016,10,W,62.33,CENTRAL ALASKA,59,N,22,40.59,06,2.1,4,03.6
535584,2016,10,E,20.31,ALBANIA,22,N,22,41.23,06,2.5,6,42.7
535524,2016,10,W,66.82,"JUJUY, ARGENTINA",12,S,22,23.94,06,4.4,191,02.6
535527,2016,10,E,51.44,POLAND,10,N,22,60.80,06,2.9,1,53.0
535523,2016,10,E,28.40,WESTERN TURKEY,56,N,21,39.27,06,2.3,4,23.2
535525,2016,10,W,52.03,"ANDREANOF ISLANDS, ALEUTIAN IS.",47,N,21,59.48,06,3.2,70,24.0
535520,2016,10,E,13.36,CENTRAL ITALY,29,N,21,42.62,06,2.8,18,56.4
535521,2016,10,E,33.48,CENTRAL TURKEY,28,N,21,36.03,06,2.6,12,18.1
535526,2016,10,W,33.76,"GREATER LOS ANGELES AREA, CALIF.",57,N,20,33.75,06,2.9,14,09.4
535515,2016,10,W,24.19,"SALTA, ARGENTINA",42,N,20,64.00,06,3.8,217,19.0
535517,2016,10,W,59.96,SOUTHERN ALASKA,16,N,20,37.55,06,2.4,137,34.3
535505,2016,10,E,27.82,DODECANESE IS.-TURKEY BORDER REG,01,N,20,36.94,06,2.1,10,55.0
535503,2016,10,W,18.30,"MONA PASSAGE, DOMINICAN REPUBLIC",54,N,19,38.80,06,3.1,66,03.4
535504,2016,10,E,36.63,CENTRAL TURKEY,47,N,19,40.56,06,2.2,5,06.0
535499,2016,10,W,36.08,OKLAHOMA,09,N,19,12.17,06,2.8,5,52.6
535500,2016,10,E,33.03,CENTRAL TURKEY,59,N,18,40.68,06,2.2,9,22.0
535513,2016,10,E,20.19,ALBANIA,33,N,18,40.53,06,2.4,2,00.5
535497,2016,10,E,21.33,SOUTHERN GREECE,30,N,18,36.44,06,2.4,19,57.7
535496,2016,10,E,40.53,ALBANIA,19,N,18,43.99,06,2.3,15,33.0
535494,2016,10,W,71.59,"OFFSHORE COQUIMBO, CHILE",09,S,18,31.93,06,3.0,44,51.0
535495,2016,10,E,13.25,CENTRAL ITALY,56,N,17,42.89,06,2.6,8,09.6
535493,2016,10,E,13.25,CENTRAL ITALY,54,N,17,42.89,06,3.0,10,14.8
535493,2016,10,E,13.25,CENTRAL ITALY,54,N,17,42.89,06,3.0,10,14.8
535491,2016,10,E,35.98,CENTRAL TURKEY,39,N,17,37.56,06,2.0,9,35.1
535528,2016,10,E,37.58,SOUTHERN GREECE,37,N,17,31.50,06,2.3,5,51.1
535484,2016,10,E,37.58,SOUTHERN GREECE,20,N,17,37.91,06,2.3,5,18.8
535480,2016,10,W,68.94,"TARAPACA, CHILE",50,S,16,21.05,06,2.9,110,00.0
535483,2016,10,E,23.74,AEGEAN SEA,20,N,16,39.25,06,2.2,12,09.9
535479,2016,10,E,13.14,CENTRAL ITALY,09,N,16,42.88,06,3.0,9,44.0
535475,2016,10,E,44.58,BOSNIA AND HERZEGOVINA,51,N,15,22.59,06,2.8,2,59.9
535469,2016,10,W,40.71,NORTHERN CALIFORNIA,06,N,15,36.06,06,2.0,22,27.6
537048,2016,10,E,39.00,CENTRAL TURKEY,18,N,14,51.46,06,2.0,13,53.0
535464,2016,10,W,52.63,"FOX ISLANDS, ALEUTIAN ISLANDS",39,N,13,36.19,06,2.7,30,11.4
535462,2016,10,W,33.71,SOUTHERN CALIFORNIA,23,N,13,33.71,06,2.5,15,54.8
535482,2016,10,E,21.83,GREECE,40,N,12,38.43,06,2.1,12,09.1
535458,2016,10,W,73.16,NORTHERN COLOMBIA,28,N,12,59.42,06,2.5,150,47.0
535452,2016,10,E,42.77,CENTRAL ITALY,01,N,12,40.44,06,2.5,10,55.8
535537,2016,10,E,20.44,GREECE,38,N,11,73.30,06,2.0,13,17.8
535449,2016,10,W,97.55,OKLAHOMA,53,N,10,36.81,06,3.4,5,18.7
535448,2016,10,E,16.02,SOUTHERN ITALY,41,N,10,39.63,06,2.7,38,22.1
535447,2016,10,E,37.21,WESTERN TURKEY,23,N,10,30.49,06,2.3,10,00.2
535444,2016,10,E,29.20,SOUTHWEST INDIAN RIDGE,56,N,09,61.97,06,4.9,10,54.0
535440,2016,10,E,27.88,WESTERN TURKEY,32,N,09,38.87,06,2.5,5,20.3
535437,2016,10,E,28.13,WESTERN TURKEY,21,N,09,37.21,06,2.2,5,41.7
535436,2016,10,E,34.28,CENTRAL TURKEY,20,N,09,37.13,06,2.2,8,58.3
535431,2016,10,E,29.51,WESTERN TURKEY,58,N,08,39.59,06,2.0,4,19.5
537046,2016,10,W,31.60,"OFFSHORE COQUIMBO, CHILE",52,N,08,55.88,06,2.6,25,39.0
535426,2016,10,W,97.29,OKLAHOMA,23,N,08,35.69,06,2.6,4,14.0
535455,2016,10,W,64.26,VIRGIN ISLANDS REGION,06,N,08,18.74,06,2.4,34,46.9
535455,2016,10,W,64.26,VIRGIN ISLANDS REGION,06,N,08,18.74,06,2.4,34,46.9
535425,2016,10,W,66.07,PUERTO RICO,01,N,08,18.07,06,3.0,7,17.2
535424,2016,10,E,31.07,WESTERN TURKEY,58,N,07,40.44,06,2.4,2,36.1
535427,2016,10,W,66.08,PUERTO RICO,54,N,07,18.09,06,3.0,6,38.9
535423,2016,10,W,66.07,PUERTO RICO,50,N,07,18.08,06,2.5,4,41.9
535422,2016,10,W,68.64,"ANTOFAGASTA, CHILE",49,S,07,21.18,06,3.0,111,12.0
535514,2016,10,W,28.78,"SANTIAGO DEL ESTERO, ARGENTINA",45,N,07,46.31,06,4.3,612,14.5
535435,2016,10,E,20.38,IONIAN SEA,18,N,07,37.46,06,2.5,14,24.6
537049,2016,10,E,40.06,AEGEAN SEA,16,N,07,54.57,06,3.0,5,05.0
535418,2016,10,W,64.73,"SANTIAGO DEL ESTERO, ARGENTINA",01,S,07,28.34,06,4.5,30,45.0
535412,2016,10,E,29.13,WESTERN TURKEY,38,N,06,40.69,06,2.2,11,52.6
535416,2016,10,W,98.75,OKLAHOMA,36,N,06,36.45,06,2.6,5,43.0
535415,2016,10,E,31.37,CYPRUS REGION,32,N,06,35.09,06,2.2,10,24.6
535414,2016,10,W,47.19,"OLYMPIC PENINSULA, WASHINGTON",09,N,06,46.22,06,2.6,41,42.7
535407,2016,10,E,39.38,EASTERN TURKEY,02,N,06,39.72,06,2.3,19,04.9
535406,2016,10,E,13.22,CENTRAL ITALY,34,N,05,42.79,06,3.2,10,18.3
535402,2016,10,W,96.94,OKLAHOMA,06,N,05,76.53,06,2.5,8,44.0
535403,2016,10,W,58.12,GULF OF ALASKA,43,N,04,62.13,06,2.8,62,13.0
535399,2016,10,E,77.85,SVALBARD REGION,19,N,04,47.07,06,2.0,0,27.2
535408,2016,10,E,19.70,ALBANIA,46,N,03,40.62,06,2.5,13,10.9
535397,2016,10,E,39.00,EASTERN TURKEY,34,N,03,38.10,06,2.0,10,53.4
537050,2016,10,W,61.33,"SOUTHERN YUKON TERRITORY, CANADA",23,N,03,53.07,06,2.1,2,17.0
537041,2016,10,W,18.09,PUERTO RICO,41,N,02,51.52,06,3.0,4,04.0
535377,2016,10,E,16.10,POLAND,25,N,01,51.31,06,2.7,1,27.6
535376,2016,10,W,19.41,"ISLAND OF HAWAII, HAWAII",24,N,01,36.19,06,2.4,1,09.3
535394,2016,10,E,26.69,NEAR THE COAST OF WESTERN TURKEY,12,N,01,38.65,06,2.7,15,42.9
535375,2016,10,W,69.25,"TARAPACA, CHILE",11,S,01,19.47,06,3.2,103,28.0
535371,2016,10,W,68.93,"ANTOFAGASTA, CHILE",57,S,00,20.91,06,2.8,104,17.0
535370,2016,10,W,69.28,DOMINICAN REPUBLIC REGION,52,N,00,19.35,06,4.2,10,55.8
535359,2016,10,W,69.18,"TARAPACA, CHILE",47,S,00,20.25,06,4.4,94,44.0
535359,2016,10,W,69.18,"TARAPACA, CHILE",47,S,00,20.25,06,4.4,94,44.0
535466,2016,10,W,96.92,OKLAHOMA,42,N,00,36.42,06,2.1,5,11.2
535357,2016,10,W,96.91,OKLAHOMA,19,N,00,36.42,06,3.2,3,04.7
535356,2016,10,E,39.41,EASTERN TURKEY,18,N,00,38.47,06,2.3,6,01.2
535358,2016,10,E,37.43,TAJIKISTAN,03,N,00,59.89,06,4.3,217,56.0
535353,2016,10,E,39.38,WESTERN TURKEY,40,N,23,62.13,05,2.9,5,05.0
535346,2016,10,E,33.31,CENTRAL TURKEY,23,N,23,38.28,05,2.0,1,48.4
535344,2016,10,W,74.04,"OFFSHORE BIO-BIO, CHILE",07,S,23,37.39,05,3.7,41,01.0
535343,2016,10,E,21.00,SOUTHEAST OF LOYALTY ISLANDS,34,N,22,69.65,05,4.5,96,38.0
535338,2016,10,E,49.41,CASPIAN SEA,01,N,22,38.31,05,3.6,20,57.2
535351,2016,10,W,65.65,PUERTO RICO REGION,45,N,21,17.83,05,2.3,13,08.1
535337,2016,10,W,58.45,GULF OF ALASKA,26,N,21,34.72,05,2.1,4,33.2
535332,2016,10,W,68.76,"ANTOFAGASTA, CHILE",53,S,20,34.32,05,3.1,110,40.0
535328,2016,10,E,38.88,WESTERN TURKEY,47,N,20,33.80,05,2.1,1,49.7
535326,2016,10,E,29.64,WESTERN TURKEY,14,N,20,36.09,05,2.5,1,36.9
535325,2016,10,E,42.24,EASTERN TURKEY,10,N,20,40.59,05,2.0,5,02.5
535327,2016,10,E,37.67,WESTERN TURKEY,08,N,20,61.47,05,2.0,5,46.0
535322,2016,10,E,26.42,SOUTHEASTERN IRAN,55,N,19,34.02,05,3.8,10,23.1
535347,2016,10,W,65.44,PUERTO RICO REGION,44,N,19,19.60,05,2.7,79,14.6
535395,2016,10,W,97.27,OKLAHOMA,30,N,19,36.22,05,2.4,8,06.9
535315,2016,10,W,41.43,WEST CHILE RISE,03,N,19,39.90,05,5.0,10,37.3
535321,2016,10,E,30.13,WESTERN TURKEY,43,N,18,37.64,05,2.4,10,43.1
535313,2016,10,W,37.54,CENTRAL CALIFORNIA,28,N,18,19.41,05,3.2,6,42.9
535310,2016,10,E,25.90,BULGARIA,27,N,17,41.39,05,2.3,8,09.4
535309,2016,10,E,34.46,CENTRAL TURKEY,23,N,17,36.90,05,2.1,10,30.3
535308,2016,10,W,36.54,CENTRAL CALIFORNIA,15,N,17,42.39,05,2.0,3,14.7
535335,2016,10,W,97.86,OKLAHOMA,02,N,17,35.03,05,2.2,6,33.2
535306,2016,10,E,20.46,GREECE,02,N,17,38.29,05,2.0,17,30.4
535306,2016,10,E,20.46,GREECE,02,N,17,38.29,05,2.0,17,30.4
535304,2016,10,W,98.78,OKLAHOMA,59,N,16,36.44,05,3.2,8,56.2
535299,2016,10,W,71.56,"COQUIMBO, CHILE",40,S,16,30.62,05,3.8,23,06.0
535298,2016,10,E,31.62,WESTERN TURKEY,38,N,16,40.14,05,2.3,8,16.2
535294,2016,10,W,96.68,OKLAHOMA,06,N,16,74.88,05,3.0,6,14.7
535291,2016,10,E,37.58,CENTRAL TURKEY,18,N,15,37.08,05,2.1,5,25.5
535286,2016,10,W,98.76,OKLAHOMA,02,N,15,36.43,05,3.5,5,26.4
535289,2016,10,W,33.77,"VALPARAISO, CHILE",02,S,15,20.31,05,3.1,52,11.5
536360,2016,10,E,35.41,"DODECANESE ISLANDS, GREECE",47,N,14,54.54,05,3.1,26,47.0
535279,2016,10,W,33.16,SOUTHERN CALIFORNIA,39,N,14,47.72,05,3.0,3,54.1
535303,2016,10,E,35.32,CENTRAL TURKEY,01,N,14,40.16,05,2.4,5,26.8
535280,2016,10,E,35.45,"DODECANESE ISLANDS, GREECE",49,N,13,33.17,05,2.9,26,53.1
535269,2016,10,W,36.46,OKLAHOMA,47,N,13,33.16,05,3.0,4,47.4
535290,2016,10,W,99.16,OKLAHOMA,46,N,13,36.46,05,3.0,4,10.5
535277,2016,10,E,28.21,WESTERN TURKEY,44,N,13,37.24,05,2.1,6,25.6
536359,2016,10,W,36.01,CENTRAL CALIFORNIA,37,N,13,60.04,05,2.0,1,05.0
535287,2016,10,W,64.22,VIRGIN ISLANDS REGION,09,N,13,18.62,05,2.3,47,13.6
536358,2016,10,E,42.64,CENTRAL ITALY,04,N,13,60.20,05,3.2,12,12.0
535262,2016,10,W,21.28,"TARAPACA, CHILE",24,N,12,84.38,05,3.0,72,35.1
535254,2016,10,W,68.59,"ANTOFAGASTA, CHILE",07,S,12,22.09,05,3.5,116,50.0
535258,2016,10,E,39.08,CENTRAL TURKEY,56,N,11,36.29,05,2.0,5,52.2
535251,2016,10,W,25.13,SOUTH SANDWICH ISLANDS REGION,37,S,11,58.85,05,5.0,40,17.2
535248,2016,10,E,30.47,"IZU ISLANDS, JAPAN REGION",51,N,10,73.14,05,4.2,429,48.0
535253,2016,10,W,64.40,VIRGIN ISLANDS REGION,18,N,10,18.90,05,2.2,34,38.9
535243,2016,10,E,38.84,EASTERN TURKEY,17,N,10,36.06,05,2.8,16,46.9
535241,2016,10,E,43.60,EASTERN TURKEY,09,N,10,38.84,05,2.8,16,21.2
535245,2016,10,E,26.86,BULGARIA-GREECE-TURKEY BORDER RG,06,N,10,41.89,05,2.0,7,57.3
535240,2016,10,W,36.40,OKLAHOMA,05,N,10,46.52,05,2.3,7,07.6
535238,2016,10,W,30.16,"OFFSHORE COQUIMBO, CHILE",52,N,09,36.06,05,3.5,20,01.2
535234,2016,10,W,22.54,"ANTOFAGASTA, CHILE",32,N,09,40.32,05,3.3,97,17.7
535233,2016,10,E,28.65,WESTERN TURKEY,17,N,09,39.83,05,2.5,7,13.2
535229,2016,10,W,20.69,"TARAPACA, CHILE",15,N,09,32.89,05,2.8,52,10.3
535228,2016,10,E,29.15,WESTERN TURKEY,01,N,09,37.98,05,2.2,9,58.0
535236,2016,10,E,69.51,TAJIKISTAN,59,N,08,37.56,05,4.5,100,41.4
535319,2016,10,E,40.92,CASPIAN SEA,21,N,08,31.27,05,4.1,40,40.6
535247,2016,10,E,39.43,KYRGYZSTAN,12,S,08,24.66,05,3.9,20,59.3
535232,2016,10,E,20.23,IONIAN SEA,28,N,07,37.40,05,2.2,10,35.2
535218,2016,10,W,60.31,"SOUTHERN YUKON TERRITORY, CANADA",28,N,07,47.47,05,2.2,12,03.7
535220,2016,10,W,87.59,NEAR COAST OF NICARAGUA,25,N,07,12.67,05,4.6,98,08.3
535220,2016,10,W,87.59,NEAR COAST OF NICARAGUA,25,N,07,12.67,05,4.6,98,08.3
535221,2016,10,W,71.37,"COQUIMBO, CHILE",22,S,07,30.71,05,4.4,48,39.0
536364,2016,10,W,63.84,CENTRAL ALASKA,14,N,07,61.03,05,2.6,122,02.0
535211,2016,10,E,45.27,SOUTH ISLAND OF NEW ZEALAND,00,N,07,51.90,05,4.3,89,55.4
535212,2016,10,W,69.06,"TARAPACA, CHILE",57,S,06,20.87,05,3.1,104,18.0
535432,2016,10,E,11.37,AUSTRIA,27,N,06,47.12,05,2.3,5,03.7
535209,2016,10,W,70.12,"ATACAMA, CHILE",17,S,06,29.29,05,4.5,100,24.4
535205,2016,10,W,61.94,SOUTHERN ALASKA,04,N,06,38.81,05,2.7,35,18.2
535223,2016,10,E,22.84,CENTRAL MEDITERRANEAN SEA,32,N,05,35.34,05,2.2,25,22.0
536349,2016,10,E,38.78,NEAR THE COAST OF WESTERN TURKEY,17,N,05,53.20,05,2.6,13,49.0
535201,2016,10,E,31.26,WESTERN TURKEY,59,N,04,38.30,05,2.4,5,27.3
535202,2016,10,E,29.13,WESTERN TURKEY,43,N,04,40.45,05,2.2,6,37.2
535197,2016,10,E,39.53,WESTERN TURKEY,30,N,04,64.81,05,3.0,5,53.0
536351,2016,10,W,55.34,ALASKA PENINSULA,02,N,04,51.19,05,2.6,44,06.0
535222,2016,10,E,60.79,SOUTHWEST INDIAN RIDGE,29,S,03,29.34,05,4.8,10,14.0
535222,2016,10,E,60.79,SOUTHWEST INDIAN RIDGE,29,S,03,29.34,05,4.8,10,14.0
535188,2016,10,W,61.94,SOUTHERN ALASKA,17,N,03,19.45,05,2.0,7,51.9
535186,2016,10,W,71.33,"COQUIMBO, CHILE",42,S,02,30.73,05,3.0,43,00.0
535195,2016,10,E,28.49,WESTERN TURKEY,39,N,02,37.01,05,2.1,11,28.1
535185,2016,10,E,39.15,WESTERN TURKEY,19,N,02,61.60,05,2.0,11,31.0
535184,2016,10,W,72.94,"OFFSHORE BIO-BIO, CHILE",54,S,01,35.93,05,3.5,30,04.0
535181,2016,10,E,28.42,WESTERN TURKEY,38,N,01,39.28,05,2.5,6,00.1
535180,2016,10,E,28.45,WESTERN TURKEY,34,N,01,39.28,05,2.4,5,18.8
535177,2016,10,E,24.88,"CRETE, GREECE",08,N,01,34.97,05,3.4,2,17.4
535172,2016,10,E,39.53,WESTERN TURKEY,25,N,00,19.40,05,2.3,5,32.6
535176,2016,10,E,37.44,CENTRAL TURKEY,19,N,00,63.11,05,2.5,5,49.0
535171,2016,10,W,71.32,"COQUIMBO, CHILE",09,S,00,31.94,05,3.1,65,30.0
535175,2016,10,W,64.92,VIRGIN ISLANDS REGION,51,N,23,19.03,04,2.9,25,14.4
535207,2016,10,E,32.74,CYPRUS REGION,35,N,23,34.17,04,2.1,20,05.8
535166,2016,10,W,68.09,"ANTOFAGASTA, CHILE",00,S,23,23.72,04,4.4,118,16.1
535740,2016,10,W,53.81,"FOX ISLANDS, ALEUTIAN ISLANDS",52,N,22,51.25,04,2.9,54,44.0
535739,2016,10,E,42.82,"CAUCASUS REGION, RUSSIA",45,N,22,53.81,04,3.8,50,07.0
535206,2016,10,E,20.26,ALBANIA,25,N,22,41.08,04,2.6,4,57.9
535164,2016,10,E,19.22,POLAND,20,N,22,50.07,04,2.6,1,03.1
535163,2016,10,E,32.82,CYPRUS REGION,15,N,22,35.24,04,2.2,60,36.9
535307,2016,10,E,37.87,SOUTHERN GREECE,14,N,21,49.42,04,2.1,8,33.8
535161,2016,10,E,38.29,GREECE,48,N,20,63.17,04,3.3,7,46.0
535157,2016,10,E,22.16,GREECE,42,N,20,38.29,04,3.5,8,09.9
535154,2016,10,E,30.07,WESTERN TURKEY,36,N,20,38.91,04,2.8,7,18.7
535152,2016,10,W,71.23,"VALPARAISO, CHILE",16,S,20,32.25,04,2.8,56,02.0
535162,2016,10,E,38.84,NEAR THE COAST OF WESTERN TURKEY,50,N,19,51.99,04,2.6,12,21.5
535203,2016,10,E,20.01,ALBANIA,44,N,19,41.45,04,2.3,12,32.8
535145,2016,10,E,41.88,CENTRAL TURKEY,05,N,19,40.44,04,2.5,5,36.8
535142,2016,10,W,71.39,"COQUIMBO, CHILE",08,S,18,30.77,04,3.8,44,12.0
535735,2016,10,E,38.89,WESTERN TURKEY,41,N,17,53.61,04,2.5,5,41.0
535130,2016,10,E,43.30,EASTERN TURKEY,15,N,17,38.74,04,2.4,3,11.9
535130,2016,10,E,43.30,EASTERN TURKEY,15,N,17,38.74,04,2.4,3,11.9
535129,2016,10,E,18.45,POLAND,06,N,17,50.12,04,2.9,1,09.4
535123,2016,10,E,31.36,WESTERN TURKEY,56,N,16,36.02,04,2.9,10,05.1
535737,2016,10,W,21.81,"ANTOFAGASTA, CHILE",17,N,16,55.58,04,2.7,116,17.0
535734,2016,10,W,23.13,"ANTOFAGASTA, CHILE",48,N,15,56.31,04,3.8,176,54.0
535113,2016,10,W,69.27,"TARAPACA, CHILE",29,S,15,18.83,04,2.6,108,12.0
535140,2016,10,E,37.40,WESTERN TURKEY,19,N,15,31.69,04,2.1,7,12.3
535430,2016,10,E,23.61,"CRETE, GREECE",59,N,14,35.34,04,2.1,11,16.1
535122,2016,10,E,27.70,WESTERN TURKEY,56,N,14,38.88,04,2.0,4,00.0
535105,2016,10,W,70.98,"OFFSHORE TARAPACA, CHILE",36,S,14,18.67,04,4.3,20,42.4
535106,2016,10,E,28.20,WESTERN TURKEY,36,N,14,37.22,04,2.2,10,16.9
535104,2016,10,E,38.77,EASTERN TURKEY,26,N,14,37.44,04,2.3,5,24.8
535107,2016,10,E,27.92,"BONIN ISLANDS, JAPAN REGION",24,N,14,60.30,04,5.7,40,38.0
535096,2016,10,E,43.75,"CAUCASUS REGION, RUSSIA",38,N,13,73.11,04,3.8,10,24.0
535114,2016,10,E,43.55,"CAUCASUS REGION, RUSSIA",31,N,13,43.75,04,3.8,10,30.3
535226,2016,10,E,19.26,SVALBARD REGION,29,N,13,77.23,04,2.5,12,04.1
535093,2016,10,E,23.84,"CRETE, GREECE",13,N,13,35.19,04,2.4,18,54.1
535092,2016,10,W,96.69,OKLAHOMA,10,N,13,35.86,04,3.1,9,44.5
535089,2016,10,E,56.89,NORTHEASTERN IRAN,02,N,13,37.30,04,3.6,10,03.9
535094,2016,10,W,73.09,NORTHERN COLOMBIA,56,N,12,60.39,04,2.7,146,48.0
535083,2016,10,E,13.12,CENTRAL ITALY,41,N,12,42.86,04,3.9,9,35.3
535091,2016,10,W,33.94,SOUTHERN CALIFORNIA,17,N,12,34.67,04,2.2,8,45.4
535079,2016,10,W,29.82,"COQUIMBO, CHILE",13,N,12,34.71,04,3.0,25,49.5
535072,2016,10,W,84.46,COSTA RICA,26,N,11,60.31,04,4.6,20,14.0
535065,2016,10,E,34.84,CYPRUS REGION,00,N,11,60.34,04,2.2,21,59.0
535060,2016,10,E,42.00,KOSOVO-SERBIA-FYROM BORDER REG.,53,N,10,65.42,04,3.1,1,25.0
535055,2016,10,E,11.39,NORTHERN ITALY,49,N,10,45.58,04,2.2,6,56.8
535061,2016,10,W,19.40,"ISLAND OF HAWAII, HAWAII",41,N,10,60.31,04,2.0,2,54.0
535047,2016,10,W,36.32,OKLAHOMA,38,N,10,19.40,04,2.3,8,45.2
535043,2016,10,E,42.35,EASTERN TURKEY,18,N,10,38.97,04,2.4,21,52.1
535045,2016,10,E,13.40,CENTRAL ITALY,18,N,10,43.11,04,2.4,22,05.5
535049,2016,10,W,63.03,CENTRAL ALASKA,15,N,10,58.33,04,2.0,111,26.0
535040,2016,10,E,37.23,WESTERN TURKEY,54,N,09,59.79,04,2.2,3,19.0
535035,2016,10,E,13.16,CENTRAL ITALY,33,N,09,42.76,04,2.3,13,10.7
535073,2016,10,W,64.78,VIRGIN ISLANDS REGION,11,N,09,18.25,04,2.1,21,37.3
535032,2016,10,W,96.94,OKLAHOMA,10,N,09,36.43,04,3.5,8,38.2
535025,2016,10,E,44.71,FRANCE,37,N,08,46.70,04,3.0,5,46.3
535026,2016,10,W,72.00,"OFFSHORE COQUIMBO, CHILE",15,S,08,30.28,04,3.8,5,11.0
535070,2016,10,W,64.93,VIRGIN ISLANDS REGION,14,N,08,19.02,04,2.5,12,47.1
535017,2016,10,E,36.62,CENTRAL TURKEY,12,N,08,40.55,04,2.7,6,53.2
535019,2016,10,W,18.99,VIRGIN ISLANDS REGION,02,N,08,58.57,04,2.1,46,27.0
535068,2016,10,W,64.79,VIRGIN ISLANDS REGION,52,N,07,19.03,04,2.3,11,07.1
535012,2016,10,W,20.18,FIJI REGION,39,N,07,58.53,04,4.7,580,32.0
535011,2016,10,E,36.22,CENTRAL TURKEY,38,S,07,20.18,04,2.2,5,46.3
535006,2016,10,W,52.86,"ANDREANOF ISLANDS, ALEUTIAN IS.",36,N,07,35.55,04,3.5,12,41.7
535002,2016,10,E,30.07,WESTERN TURKEY,14,N,07,37.60,04,2.1,18,58.4
535037,2016,10,E,23.52,SOUTHERN GREECE,12,N,07,37.61,04,2.0,8,38.4
535008,2016,10,W,64.64,VIRGIN ISLANDS REGION,55,N,06,19.58,04,3.5,21,48.9
534993,2016,10,W,19.10,PUERTO RICO REGION,29,N,06,22.18,04,2.7,28,19.0
534992,2016,10,W,38.82,NORTHERN CALIFORNIA,15,N,05,53.30,04,2.3,1,52.5
534986,2016,10,W,45.16,OREGON,36,N,04,19.42,04,3.0,24,19.6
534983,2016,10,E,72.19,NORWEGIAN SEA,22,N,04,48.69,04,2.1,24,15.4
534982,2016,10,W,54.39,ALASKA PENINSULA,07,N,04,73.13,04,3.1,18,04.0
534980,2016,10,E,38.91,WESTERN TURKEY,46,N,02,62.44,04,2.6,13,56.0
534978,2016,10,E,42.50,MONTENEGRO,44,N,02,54.48,04,2.3,21,42.8
534988,2016,10,W,64.07,VIRGIN ISLANDS REGION,36,N,02,18.76,04,2.6,23,36.9
534972,2016,10,E,53.41,NEAR EAST COAST OF KAMCHATKA,56,N,01,34.17,04,4.2,50,39.1
534971,2016,10,W,73.49,"OFFSHORE BIO-BIO, CHILE",37,S,01,73.13,04,4.2,6,38.0
534967,2016,10,W,35.66,"OKLAHOMA CITY AREA, OKLAHOMA",09,N,01,33.00,04,2.2,7,44.2
534968,2016,10,E,28.66,WESTERN TURKEY,59,N,00,37.12,04,2.2,5,59.7
534964,2016,10,W,18.59,PUERTO RICO REGION,17,N,00,46.03,04,2.3,32,04.4
534963,2016,10,E,24.59,"CRETE, GREECE",03,N,00,35.60,04,2.2,26,52.8
534962,2016,10,E,28.97,DODECANESE IS.-TURKEY BORDER REG,48,N,23,36.21,03,2.0,17,32.5
535745,2016,10,W,38.84,NORTHERN CALIFORNIA,44,N,23,60.17,03,2.3,2,54.0
535088,2016,10,E,20.40,GREECE,36,N,23,38.14,03,2.0,18,37.5
534958,2016,10,E,42.78,CENTRAL ITALY,12,N,23,38.70,03,2.6,10,25.6
534956,2016,10,E,38.62,EASTERN TURKEY,59,N,22,36.47,03,2.6,2,03.9
534955,2016,10,E,43.18,EASTERN TURKEY,48,N,22,38.62,03,2.6,2,59.0
535750,2016,10,E,38.78,NEAR THE COAST OF WESTERN TURKEY,45,N,22,52.77,03,2.2,13,58.0
534954,2016,10,E,20.71,GREECE,33,N,22,39.45,03,2.1,1,42.2
534953,2016,10,W,70.99,"COQUIMBO, CHILE",23,S,22,29.95,03,2.5,78,42.0
534950,2016,10,E,34.95,"CRETE, GREECE",20,N,22,47.01,03,2.7,1,19.9
534966,2016,10,W,64.28,VIRGIN ISLANDS REGION,02,N,22,18.64,03,2.0,43,20.2
534948,2016,10,E,25.13,"CRETE, GREECE",56,N,21,34.12,03,2.8,1,19.3
534947,2016,10,E,31.64,WESTERN TURKEY,48,N,21,40.15,03,2.4,6,41.5
534946,2016,10,E,42.83,CENTRAL ITALY,36,N,21,61.91,03,2.6,8,56.0
535445,2016,10,E,26.61,"CRETE, GREECE",30,N,21,34.70,03,2.6,50,03.2
534944,2016,10,E,31.51,WESTERN TURKEY,29,N,21,40.78,03,2.0,5,12.8
534939,2016,10,E,40.16,EASTERN TURKEY,09,N,21,39.27,03,2.3,6,02.5
535018,2016,10,E,22.74,GREECE,56,N,20,40.97,03,2.2,1,25.2
534937,2016,10,E,39.43,EASTERN TURKEY,42,N,20,38.48,03,2.4,6,29.1
536640,2016,10,E,21.33,SOUTHERN GREECE,40,N,20,36.37,03,2.3,17,34.6
534914,2016,10,E,27.62,WESTERN TURKEY,33,N,20,37.89,03,2.0,5,14.1
534938,2016,10,W,44.66,"YELLOWSTONE NAT. PARK, WYOMING",31,N,20,63.20,03,2.3,12,44.0
534951,2016,10,E,38.90,WESTERN TURKEY,15,N,20,44.67,03,2.8,14,12.8
534907,2016,10,W,14.43,NEAR COAST OF CENTRAL PERU,58,N,19,33.20,03,4.4,18,30.9
534911,2016,10,W,32.83,SOUTHERN CALIFORNIA,41,N,19,56.92,03,2.4,12,22.0
534906,2016,10,E,22.95,GREECE,34,N,19,39.27,03,2.5,12,24.4
534904,2016,10,W,70.09,"ANTOFAGASTA, CHILE",22,S,19,24.04,03,3.7,42,32.0
534902,2016,10,W,72.02,"LIBERTADOR O'HIGGINS, CHILE",05,S,19,34.66,03,2.7,10,04.0
534899,2016,10,W,28.17,"LA RIOJA, ARGENTINA",59,N,18,31.68,03,3.4,141,54.5
534912,2016,10,E,34.97,CENTRAL TURKEY,33,N,18,40.12,03,2.1,4,11.8
534909,2016,10,W,19.97,"ISLAND OF HAWAII, HAWAII",28,S,18,23.74,03,2.6,41,31.8
534896,2016,10,W,40.61,NORTHERN CALIFORNIA,07,S,18,23.74,03,2.1,31,40.0
534895,2016,10,E,15.19,"SICILY, ITALY",33,N,17,37.75,03,2.4,7,02.1
534901,2016,10,E,15.52,"SICILY, ITALY",24,N,17,34.55,03,2.1,82,05.3
534893,2016,10,E,15.52,"SICILY, ITALY",09,N,17,38.36,03,2.1,82,18.5
534891,2016,10,E,22.48,SOUTHERN GREECE,57,N,16,37.71,03,2.3,16,45.2
534890,2016,10,E,21.39,SERBIA,52,N,16,43.22,03,2.5,5,00.7
534892,2016,10,W,19.06,VIRGIN ISLANDS REGION,46,N,16,58.09,03,3.4,14,04.0
534960,2016,10,W,15.38,"DOMINICA REGION, LEEWARD ISLANDS",38,N,15,31.92,03,4.4,10,45.8
534878,2016,10,W,71.47,"COQUIMBO, CHILE",10,S,15,32.00,03,3.0,36,11.0
534884,2016,10,E,99.18,"NORTHERN SUMATRA, INDONESIA",05,N,15,58.84,03,5.0,163,48.0
534888,2016,10,W,65.62,PUERTO RICO REGION,00,N,15,17.84,03,2.0,10,55.8
534882,2016,10,E,27.58,WESTERN TURKEY,55,N,14,37.28,03,2.5,5,41.0
536635,2016,10,E,23.57,GREECE,50,N,14,38.37,03,2.2,12,34.1
534874,2016,10,E,40.69,EASTERN TURKEY,34,N,14,59.74,03,2.2,26,42.0
534873,2016,10,W,52.73,"FOX ISLANDS, ALEUTIAN ISLANDS",23,N,14,37.91,03,2.5,5,45.8
534871,2016,10,E,39.51,WESTERN TURKEY,44,N,13,19.23,03,2.9,5,20.8
534940,2016,10,E,38.75,GREECE,47,S,12,24.05,03,2.2,4,01.9
537608,2016,10,W,97.50,OKLAHOMA,19,N,12,36.99,03,2.7,6,51.4
534861,2016,10,E,21.91,GREECE,10,N,12,38.44,03,3.1,11,59.1
537607,2016,10,W,54.71,ALASKA PENINSULA,10,N,12,51.82,03,3.8,38,36.7
535747,2016,10,W,57.95,"KODIAK ISLAND REGION, ALASKA",06,N,12,52.67,03,2.0,57,57.0
534856,2016,10,E,23.26,"CRETE, GREECE",01,N,12,35.44,03,3.5,30,25.3
534858,2016,10,W,71.46,"OFFSHORE VALPARAISO, CHILE",54,S,11,32.33,03,2.2,54,41.0
534853,2016,10,W,21.23,"ANTOFAGASTA, CHILE",48,N,11,47.64,03,2.9,119,29.7
535746,2016,10,W,59.81,SOUTHEASTERN ALASKA,10,N,11,52.79,03,2.1,0,21.0
534848,2016,10,E,20.92,GREECE,36,N,10,39.16,03,2.6,18,30.6
534849,2016,10,E,36.34,SOUTHERN GREECE,35,N,10,65.24,03,2.1,1,16.0
534855,2016,10,E,43.53,"CAUCASUS REGION, RUSSIA",55,N,09,43.77,03,3.4,10,45.9
534846,2016,10,E,20.34,IONIAN SEA,52,N,09,73.16,03,2.2,9,48.0
535087,2016,10,E,20.34,IONIAN SEA,44,N,09,37.96,03,2.2,9,11.9
534844,2016,10,E,28.19,WESTERN TURKEY,13,N,09,37.22,03,2.1,3,28.2
534843,2016,10,E,24.42,AEGEAN SEA,09,N,09,38.58,03,2.2,8,54.1
534842,2016,10,E,29.42,WESTERN TURKEY,06,N,09,39.63,03,2.0,11,16.9
534857,2016,10,W,68.02,DOMINICAN REPUBLIC REGION,51,N,08,18.97,03,2.7,48,32.1
534845,2016,10,E,37.75,"SICILY, ITALY",48,N,08,41.92,03,2.9,7,25.9
534838,2016,10,E,22.08,GREECE,06,N,08,38.35,03,2.5,7,42.3
534869,2016,10,E,36.87,"OFF E. COAST OF N. ISLAND, N.Z.",27,N,07,46.67,03,4.8,20,53.6
534827,2016,10,E,45.60,ROMANIA,16,S,06,35.97,03,2.8,105,31.0
534835,2016,10,W,64.81,VIRGIN ISLANDS REGION,24,N,05,19.18,03,2.5,50,57.2
534820,2016,10,E,29.54,EASTERN MEDITERRANEAN SEA,20,N,05,35.88,03,2.4,3,15.0
534819,2016,10,W,50.95,SOUTH OF ALEUTIAN ISLANDS,16,N,05,19.22,03,3.1,10,06.8
534816,2016,10,E,26.50,NEAR THE COAST OF WESTERN TURKEY,51,N,04,38.79,03,2.1,12,10.6
534818,2016,10,W,31.29,"SAN JUAN, ARGENTINA",40,S,04,30.41,03,4.5,104,44.9
534822,2016,10,E,20.19,ALBANIA,20,N,04,41.06,03,2.9,3,13.2
534822,2016,10,E,20.19,ALBANIA,20,N,04,41.06,03,2.9,3,13.2
534814,2016,10,W,57.85,ALASKA PENINSULA,17,N,04,38.82,03,2.1,126,01.9
534810,2016,10,E,41.02,EASTERN TURKEY,21,N,03,39.79,03,2.3,2,59.3
535752,2016,10,E,37.77,SOUTHERN GREECE,12,N,03,52.47,03,2.2,1,23.0
534809,2016,10,E,37.75,SOUTHERN GREECE,54,N,02,51.72,03,2.2,15,06.5
535042,2016,10,E,21.07,SOUTHERN GREECE,40,N,02,37.72,03,4.5,5,59.9
534807,2016,10,W,74.54,COLOMBIA,22,N,02,72.09,03,3.3,19,59.6
534806,2016,10,W,61.56,SOUTHERN ALASKA,02,S,02,19.34,03,2.7,54,22.4
534798,2016,10,E,35.88,CENTRAL TURKEY,17,N,01,39.05,03,2.9,5,57.3
534799,2016,10,W,71.34,"VALPARAISO, CHILE",16,S,01,32.95,03,2.5,47,43.0
534797,2016,10,E,35.90,CENTRAL TURKEY,16,N,01,39.02,03,2.7,5,39.7
534791,2016,10,E,39.95,EASTERN TURKEY,09,N,01,73.98,03,2.3,19,21.0
534788,2016,10,E,39.39,EASTERN TURKEY,21,N,00,39.95,03,2.3,19,56.7
534790,2016,10,E,42.79,CENTRAL ITALY,54,N,23,34.67,02,3.4,9,31.7
534783,2016,10,W,70.65,"OFFSHORE ANTOFAGASTA, CHILE",34,S,23,23.16,02,2.9,36,02.0
535379,2016,10,W,26.00,"OFFSHORE ANTOFAGASTA, CHILE",33,N,23,58.25,02,2.8,45,41.0
535380,2016,10,E,18.70,"PAGAN REG., N. MARIANA ISLANDS",14,N,23,58.02,02,4.5,212,50.0
534778,2016,10,E,42.72,CENTRAL ITALY,08,N,23,62.33,02,2.5,10,02.0
534815,2016,10,W,60.88,"KENAI PENINSULA, ALASKA",43,N,22,49.63,02,3.9,24,18.1
534772,2016,10,E,20.57,VANUATU,37,N,22,35.90,02,4.9,49,15.9
534787,2016,10,W,66.48,PUERTO RICO REGION,32,N,22,19.09,02,2.8,24,13.1
534771,2016,10,E,47.11,SWITZERLAND,52,N,21,60.12,02,1.7,7,10.0
534769,2016,10,E,23.13,"CRETE, GREECE",44,N,21,35.59,02,2.7,2,22.5
534918,2016,10,W,71.15,"SOUTHERN QUEBEC, CANADA",42,N,21,45.60,02,2.3,5,57.0
535064,2016,10,E,20.64,GREECE,35,N,21,38.74,02,2.0,15,41.6
534767,2016,10,E,13.23,CENTRAL ITALY,25,N,21,42.84,02,2.7,8,28.8
534767,2016,10,E,13.23,CENTRAL ITALY,25,N,21,42.84,02,2.7,8,28.8
534768,2016,10,W,67.35,"MONA PASSAGE, PUERTO RICO",11,N,21,18.16,02,3.0,17,23.3
534766,2016,10,W,71.74,"OFFSHORE COQUIMBO, CHILE",09,S,21,31.12,02,3.4,34,58.0
535024,2016,10,E,46.26,SWITZERLAND,36,S,20,37.16,02,2.4,8,05.1
534761,2016,10,W,69.06,"TARAPACA, CHILE",07,S,20,20.70,02,2.8,84,10.0
534757,2016,10,E,19.19,MONTENEGRO,41,N,19,42.50,02,3.9,18,19.0
534756,2016,10,W,71.18,"COQUIMBO, CHILE",08,S,19,31.89,02,3.1,76,59.0
534765,2016,10,W,65.07,VIRGIN ISLANDS REGION,00,N,19,18.42,02,2.0,14,24.3
535062,2016,10,E,20.48,GREECE,50,N,18,38.17,02,2.3,19,52.4
534754,2016,10,W,68.99,"ANTOFAGASTA, CHILE",45,S,18,23.77,02,2.7,76,58.0
534753,2016,10,W,18.85,VIRGIN ISLANDS REGION,32,N,18,36.25,02,2.4,39,15.8
534752,2016,10,E,21.47,GREECE,25,N,18,39.22,02,2.5,1,43.3
534751,2016,10,W,54.08,"UNIMAK ISLAND REGION, ALASKA",09,N,18,47.47,02,2.1,22,20.2
535363,2016,10,W,51.81,"ANDREANOF ISLANDS, ALEUTIAN IS.",58,N,17,53.93,02,2.0,14,52.0
534750,2016,10,E,34.73,"CRETE, GREECE",49,N,17,31.83,02,2.6,18,40.5
536401,2016,10,E,23.79,"CRETE, GREECE",15,N,17,34.73,02,2.6,18,18.7
534748,2016,10,W,68.33,"POTOSI, BOLIVIA",50,S,16,21.00,02,3.4,137,18.0
534746,2016,10,W,63.42,"SANTIAGO DEL ESTERO, ARGENTINA",43,S,16,27.12,02,4.5,569,48.9
534749,2016,10,W,27.11,"SANTIAGO DEL ESTERO, ARGENTINA",41,N,16,61.04,02,4.5,567,05.0
534744,2016,10,W,28.81,"ATACAMA, CHILE",36,N,16,38.50,02,3.6,42,14.2
534760,2016,10,W,64.57,VIRGIN ISLANDS REGION,21,N,16,18.78,02,2.3,28,19.8
534741,2016,10,E,24.66,"CRETE, GREECE",20,N,16,34.61,02,2.8,7,18.1
534743,2016,10,W,69.13,"TARAPACA, CHILE",18,S,16,20.84,02,2.8,105,06.0
534742,2016,10,W,52.48,"FOX ISLANDS, ALEUTIAN ISLANDS",16,N,16,59.38,02,2.4,64,24.0
534738,2016,10,E,42.81,CENTRAL ITALY,44,N,15,37.49,02,2.6,8,32.7
534735,2016,10,E,29.61,WESTERN TURKEY,14,N,15,36.08,02,2.1,2,09.5
534755,2016,10,E,36.99,CENTRAL TURKEY,11,N,15,37.28,02,2.0,14,55.2
536263,2016,10,E,20.56,IONIAN SEA,56,N,14,37.61,02,2.2,1,45.3
534734,2016,10,E,28.16,WESTERN TURKEY,48,N,14,37.20,02,2.2,2,39.7
535366,2016,10,W,59.73,SOUTHERN ALASKA,39,N,14,57.57,02,2.0,107,17.0
534730,2016,10,E,37.44,IONIAN SEA,40,N,13,16.45,02,2.3,1,06.9
537605,2016,10,E,40.13,WESTERN TURKEY,57,S,12,37.10,02,2.0,16,16.5
534728,2016,10,E,61.01,SOUTHWEST INDIAN RIDGE,51,S,12,29.21,02,4.9,10,50.8
534724,2016,10,E,29.07,WESTERN TURKEY,47,N,12,38.07,02,2.3,10,48.3
534725,2016,10,E,29.06,WESTERN TURKEY,44,N,12,73.10,02,2.0,18,39.0
535368,2016,10,E,46.32,FRANCE,39,N,12,54.20,02,2.0,2,07.5
534721,2016,10,W,10.83,OFF COAST OF COSTA RICA,32,N,12,19.73,02,4.1,1,52.2
534720,2016,10,E,13.77,CENTRAL ITALY,16,N,12,43.55,02,2.6,9,49.5
535098,2016,10,W,68.18,DOMINICAN REPUBLIC REGION,00,N,12,19.04,02,3.1,52,18.1
534719,2016,10,E,35.84,EASTERN MEDITERRANEAN SEA,43,N,11,37.56,02,2.0,5,03.0
534717,2016,10,E,41.31,WESTERN TURKEY,40,N,10,57.82,02,2.2,12,43.0
535360,2016,10,E,40.75,CENTRAL TURKEY,47,N,09,52.04,02,2.4,6,10.0
534713,2016,10,W,71.76,"LIBERTADOR O'HIGGINS, CHILE",41,S,09,34.77,02,2.6,43,05.0
534713,2016,10,W,71.76,"LIBERTADOR O'HIGGINS, CHILE",41,S,09,34.77,02,2.6,43,05.0
535675,2016,10,E,23.57,AEGEAN SEA,18,N,09,39.51,02,2.0,16,17.5
534710,2016,10,E,21.01,GREECE,05,N,09,39.47,02,2.3,1,41.6
534706,2016,10,E,27.74,WESTERN TURKEY,43,N,08,39.10,02,2.6,22,28.2
534707,2016,10,E,29.12,WESTERN TURKEY,31,N,08,37.95,02,2.0,12,30.7
534705,2016,10,E,37.22,WESTERN TURKEY,17,N,08,58.40,02,2.0,10,45.0
534702,2016,10,W,20.03,"HAWAII REGION, HAWAII",55,N,07,73.11,02,2.1,29,46.0
534700,2016,10,W,36.54,SOUTHEASTERN MISSOURI,26,N,07,59.73,02,2.1,8,10.0
535654,2016,10,E,23.35,"CRETE, GREECE",10,N,07,34.78,02,2.1,20,37.5
534695,2016,10,E,26.20,NEAR THE COAST OF WESTERN TURKEY,07,N,07,39.06,02,2.1,9,28.8
534694,2016,10,E,29.54,EASTERN MEDITERRANEAN SEA,53,N,06,35.50,02,2.4,84,03.4
534697,2016,10,W,64.73,VIRGIN ISLANDS REGION,41,N,06,18.54,02,2.4,3,15.3
534691,2016,10,E,46.04,FRANCE,57,N,05,47.59,02,2.0,4,39.5
534687,2016,10,W,21.08,TONGA,23,N,05,33.30,02,4.7,10,12.2
534689,2016,10,E,29.02,WESTERN TURKEY,16,N,05,39.52,02,2.2,10,18.9
534689,2016,10,E,29.02,WESTERN TURKEY,16,N,05,39.52,02,2.2,10,18.9
534686,2016,10,E,42.37,EASTERN TURKEY,05,N,05,40.50,02,3.1,5,38.4
534736,2016,10,W,38.83,NORTHERN CALIFORNIA,01,N,05,52.62,02,2.1,1,32.0
534683,2016,10,W,58.34,ALASKA PENINSULA,34,N,04,19.31,02,2.6,2,06.7
534678,2016,10,W,97.58,OKLAHOMA,51,N,03,36.22,02,3.0,5,09.0
534681,2016,10,W,76.18,COLOMBIA,31,N,03,61.24,02,2.5,4,42.0
534675,2016,10,W,30.16,"CANARY ISLANDS, SPAIN REGION",26,N,03,19.31,02,2.9,40,24.4
535369,2016,10,W,19.30,"ISLAND OF HAWAII, HAWAII",05,N,03,53.00,02,2.5,2,25.0
534673,2016,10,W,78.13,PANAMA,42,N,02,36.16,02,4.4,10,33.9
534669,2016,10,W,21.29,"ANTOFAGASTA, CHILE",00,N,02,46.03,02,4.1,114,54.4
534666,2016,10,E,39.94,CENTRAL TURKEY,13,N,01,58.33,02,2.0,3,43.0
534663,2016,10,E,37.93,WESTERN TURKEY,52,N,00,46.04,02,2.0,7,50.8
534711,2016,10,E,16.84,BOSNIA AND HERZEGOVINA,38,N,00,43.86,02,2.2,4,18.0
534688,2016,10,W,31.62,"BAJA CALIFORNIA, MEXICO",33,N,00,40.68,02,2.6,10,10.1
534662,2016,10,E,44.15,TURKEY-IRAN BORDER REGION,50,N,23,38.65,01,2.5,5,42.5
534658,2016,10,W,64.86,"SOUTHERN YUKON TERRITORY, CANADA",47,N,23,36.70,01,3.9,22,59.9
534656,2016,10,W,56.81,ALASKA PENINSULA,29,N,23,46.03,01,2.4,13,19.2
534653,2016,10,W,33.79,"OFFSHORE VALPARAISO, CHILE",25,N,23,46.04,01,3.1,31,32.8
534651,2016,10,E,13.74,"MINDORO, PHILIPPINES",17,N,23,46.04,01,4.5,130,39.1
534650,2016,10,E,13.86,SOUTHERN ITALY,42,N,22,41.38,01,2.4,10,02.1
534648,2016,10,E,42.16,EASTERN TURKEY,22,N,22,39.87,01,2.0,12,45.7
534646,2016,10,W,73.07,NORTHERN COLOMBIA,07,N,22,52.76,01,3.9,142,53.2
534709,2016,10,E,17.57,BOSNIA AND HERZEGOVINA,33,N,21,43.46,01,2.5,3,01.0
534709,2016,10,E,17.57,BOSNIA AND HERZEGOVINA,33,N,21,43.46,01,2.5,3,01.0
534641,2016,10,W,33.14,SOUTHERN CALIFORNIA,32,N,21,33.14,01,2.2,8,50.3
534642,2016,10,W,71.54,"COQUIMBO, CHILE",25,S,21,31.69,01,3.0,51,21.0
534638,2016,10,E,43.08,EASTERN TURKEY,18,N,21,38.72,01,2.1,7,04.0
534639,2016,10,W,69.67,"TARAPACA, CHILE",47,S,20,21.42,01,3.1,86,20.0
534637,2016,10,W,71.91,"OFFSHORE COQUIMBO, CHILE",43,S,20,32.05,01,3.0,37,04.0
534635,2016,10,W,71.16,"LIBERTADOR O'HIGGINS, CHILE",28,S,20,34.39,01,2.9,69,10.0
534626,2016,10,W,74.83,CENTRAL PERU,52,S,19,27.99,01,4.9,35,13.1
534657,2016,10,W,64.74,VIRGIN ISLANDS REGION,43,N,19,19.29,01,2.5,24,43.2
534622,2016,10,E,37.35,TAJIKISTAN,29,N,19,63.06,01,4.2,122,38.0
534621,2016,10,W,68.51,"ANTOFAGASTA, CHILE",22,S,18,21.28,01,3.1,108,29.0
534618,2016,10,E,38.98,CENTRAL TURKEY,18,N,18,33.30,01,2.0,6,23.5
534620,2016,10,W,71.03,"OFF COAST OF TARAPACA, CHILE",06,S,18,19.66,01,3.1,37,28.0
534617,2016,10,W,19.40,"ISLAND OF HAWAII, HAWAII",56,N,17,73.61,01,2.2,11,35.0
535382,2016,10,W,33.30,SOUTHERN CALIFORNIA,52,N,17,51.74,01,3.0,7,41.0
534614,2016,10,E,26.65,NEAR THE COAST OF WESTERN TURKEY,20,N,17,38.79,01,2.1,14,33.8
534612,2016,10,W,71.21,"COQUIMBO, CHILE",59,S,16,30.61,01,3.5,48,29.0
535384,2016,10,W,21.82,"ANTOFAGASTA, CHILE",54,N,16,51.84,01,3.3,116,22.0
534610,2016,10,E,37.10,CENTRAL TURKEY,37,N,16,67.14,01,2.1,5,59.0
534605,2016,10,W,70.64,"ATACAMA, CHILE",51,S,15,73.15,01,3.4,65,40.0
534601,2016,10,W,71.83,"OFFSHORE COQUIMBO, CHILE",26,S,15,31.60,01,3.5,30,46.0
534599,2016,10,W,71.80,"OFFSHORE COQUIMBO, CHILE",17,S,15,31.61,01,3.1,21,50.0
534850,2016,10,E,21.31,SVALBARD REGION,16,N,15,78.03,01,2.3,15,52.0
534789,2016,10,W,29.65,"OFFSHORE COQUIMBO, CHILE",43,S,14,32.90,01,2.7,37,51.0
534596,2016,10,E,43.06,EASTERN TURKEY,45,N,13,76.68,01,2.9,6,14.0
534587,2016,10,W,29.44,AZORES ISLANDS REGION,17,N,13,40.63,01,5.0,10,16.4
534600,2016,10,E,90.34,"SOUTHERN QINGHAI, CHINA",11,N,13,34.32,01,4.4,10,23.1
534965,2016,10,W,13.10,OFFSHORE EL SALVADOR,08,S,13,19.85,01,4.3,45,40.0
535028,2016,10,W,89.76,OFFSHORE EL SALVADOR,50,N,12,13.10,01,4.3,45,52.4
534586,2016,10,W,70.63,"OFFSHORE ANTOFAGASTA, CHILE",39,S,12,23.12,01,2.9,32,38.0
534582,2016,10,E,29.68,WESTERN TURKEY,29,N,12,36.00,01,2.5,6,50.1
534627,2016,10,W,19.13,VIRGIN ISLANDS REGION,29,N,12,52.06,01,2.4,59,27.7
537119,2016,10,W,86.97,NEAR COAST OF NICARAGUA,24,N,12,11.63,01,4.2,38,55.7
534581,2016,10,W,69.05,"ANTOFAGASTA, CHILE",19,S,12,23.18,01,3.2,78,35.0
535386,2016,10,W,54.08,"UNIMAK ISLAND REGION, ALASKA",16,N,12,51.50,01,2.3,29,57.3
534580,2016,10,W,29.65,AZORES ISLANDS REGION,00,N,12,40.42,01,3.4,10,57.6
534579,2016,10,E,13.25,CENTRAL ITALY,56,N,11,42.91,01,2.8,10,09.5
537117,2016,10,W,52.86,"FOX ISLANDS, ALEUTIAN ISLANDS",55,S,11,18.28,01,3.0,22,11.1
534693,2016,10,E,88.10,WESTERN XIZANG,36,N,11,30.98,01,4.2,35,01.6
534576,2016,10,W,71.71,"OFFSHORE COQUIMBO, CHILE",25,S,11,32.08,01,4.6,16,11.0
534572,2016,10,W,13.82,"ST. LUCIA REGION, WINDWARD ISL.",15,N,11,40.29,01,3.6,5,00.9
534575,2016,10,W,36.41,OKLAHOMA,03,N,11,34.68,01,2.5,6,45.3
534564,2016,10,E,33.39,CENTRAL TURKEY,30,N,10,36.20,01,2.3,5,45.8
534568,2016,10,W,27.72,"AZORES ISLANDS, PORTUGAL",30,N,10,39.23,01,3.7,40,31.4
