id,leto,mesec,dan,ura,minuta,sekunda,DOL,dolzina,SIR,sirina,globina,magnituda,regija
537411,2016,10,15,23,40,55.1,E,34.31,N,38.13,4,2.7,CENTRAL TURKEY
537458,2016,10,15,23,17,42.6,E,27.72,N,38.93,6,2.6,WESTERN TURKEY
537380,2016,10,15,23,06,59.1,E,20.69,N,39.76,15,4.3,GREECE
537552,2016,10,15,22,43,13.2,E,38.94,N,19.21,8,3.6,WESTERN TURKEY
537310,2016,10,15,22,30,26.1,E,71.70,N,41.26,15,3.7,EASTERN UZBEKISTAN
537551,2016,10,15,22,27,50.9,E,38.94,N,19.29,8,3.6,WESTERN TURKEY
537553,2016,10,15,22,19,42.0,E,39.75,N,59.75,12,2.6,GREECE
537557,2016,10,15,21,46,52.8,E,20.70,N,39.70,8,4.3,GREECE
537448,2016,10,15,21,42,23.9,E,20.66,N,39.63,20,3.6,GREECE
537523,2016,10,15,21,22,53.4,E,20.69,N,39.76,16,2.4,GREECE
537563,2016,10,15,21,10,27.5,E,20.67,N,39.66,20,4.3,GREECE
537378,2016,10,15,21,00,57.9,E,32.27,N,35.18,12,2.2,CYPRUS REGION
537555,2016,10,15,20,57,33.3,W,66.11,N,18.08,22,2.6,PUERTO RICO
537317,2016,10,15,20,49,23.1,E,39.76,N,47.62,10,3.6,GREECE
537295,2016,10,15,20,40,00.3,E,37.63,N,37.48,3,2.2,CENTRAL TURKEY
537548,2016,10,15,20,34,58.0,W,52.07,N,36.69,26,4.1,"FOX ISLANDS, ALEUTIAN ISLANDS"
537509,2016,10,15,20,33,41.3,E,20.59,N,39.72,10,3.8,GREECE
537318,2016,10,15,20,14,48.9,E,20.63,N,39.78,10,5.4,GREECE
537546,2016,10,15,19,40,39.0,W,60.68,N,40.50,14,2.1,SOUTHERN ALASKA
537545,2016,10,15,19,06,08.0,W,37.82,N,61.15,1,2.1,"SAN FRANCISCO BAY, CALIFORNIA"
537417,2016,10,15,18,43,15.5,E,27.93,N,36.95,1,2.2,DODECANESE IS.-TURKEY BORDER REG
537412,2016,10,15,18,30,17.8,E,38.50,N,37.00,5,2.7,EASTERN TURKEY
537457,2016,10,15,18,15,23.8,E,27.69,N,38.92,2,2.4,WESTERN TURKEY
537543,2016,10,15,17,17,28.8,E,71.28,N,37.00,106,4.3,"HINDU KUSH REGION, AFGHANISTAN"
537461,2016,10,15,16,23,39.0,E,30.05,N,38.97,13,3.0,WESTERN TURKEY
537472,2016,10,15,16,17,29.0,W,68.73,S,22.13,119,2.6,"ANTOFAGASTA, CHILE"
537214,2016,10,15,15,44,46.3,E,15.97,N,51.51,1,3.7,POLAND
537471,2016,10,15,15,40,50.0,W,71.39,S,30.70,44,3.9,"COQUIMBO, CHILE"
537207,2016,10,15,15,24,25.1,W,36.86,N,32.29,50,2.5,STRAIT OF GIBRALTAR
537203,2016,10,15,14,21,49.1,E,27.73,N,38.88,10,2.2,WESTERN TURKEY
537197,2016,10,15,14,15,37.6,E,30.87,N,35.67,10,3.1,EASTERN MEDITERRANEAN SEA
537577,2016,10,15,14,11,20.9,W,97.71,N,36.37,2,2.8,OKLAHOMA
537577,2016,10,15,14,11,20.9,W,97.71,N,36.37,2,2.8,OKLAHOMA
537196,2016,10,15,13,57,50.9,E,27.74,N,38.99,4,2.1,WESTERN TURKEY
537578,2016,10,15,13,44,08.0,W,78.14,S,12.50,25,4.3,OFF COAST OF CENTRAL PERU
537195,2016,10,15,13,37,53.6,E,12.84,N,36.44,10,3.1,CENTRAL MEDITERRANEAN SEA
537542,2016,10,15,13,19,58.6,W,64.92,N,18.93,52,2.8,VIRGIN ISLANDS REGION
537192,2016,10,15,13,03,45.0,W,69.22,S,32.83,17,2.9,"MENDOZA, ARGENTINA"
537190,2016,10,15,12,56,16.9,W,38.82,N,34.56,1,2.1,NORTHERN CALIFORNIA
537188,2016,10,15,12,43,40.0,W,69.83,S,19.48,66,2.7,"TARAPACA, CHILE"
537183,2016,10,15,12,39,37.0,E,28.04,N,19.21,10,4.1,XIZANG-NEPAL BORDER REGION
537186,2016,10,15,12,33,36.4,E,28.14,N,37.21,10,2.0,WESTERN TURKEY
537541,2016,10,15,12,29,35.8,W,64.08,N,18.34,97,2.6,VIRGIN ISLANDS REGION
537182,2016,10,15,12,15,48.9,E,40.26,N,40.46,12,3.0,EASTERN TURKEY
537184,2016,10,15,11,59,27.0,E,38.84,N,61.44,10,2.0,WESTERN TURKEY
537174,2016,10,15,11,48,21.5,E,20.72,N,39.80,2,3.0,GREECE
537176,2016,10,15,11,15,51.0,W,38.06,N,57.85,10,2.1,CENTRAL CALIFORNIA
537443,2016,10,15,10,48,31.3,E,88.40,N,85.62,10,4.5,NORTH OF SEVERNAYA ZEMLYA
537167,2016,10,15,10,38,55.3,E,27.78,N,38.94,10,3.0,WESTERN TURKEY
537167,2016,10,15,10,38,55.3,E,27.78,N,38.94,10,3.0,WESTERN TURKEY
537166,2016,10,15,10,22,50.1,E,30.93,N,40.47,4,2.2,WESTERN TURKEY
537163,2016,10,15,10,05,58.6,W,31.97,N,37.49,38,2.7,"OFFSHORE COQUIMBO, CHILE"
537158,2016,10,15,09,28,06.0,W,68.83,S,22.88,92,3.1,"ANTOFAGASTA, CHILE"
537159,2016,10,15,09,21,55.5,E,27.83,N,37.17,5,2.1,WESTERN TURKEY
537155,2016,10,15,09,17,48.0,W,71.15,S,34.84,86,2.9,"MAULE, CHILE"
537162,2016,10,15,09,04,04.1,E,37.66,N,37.19,11,2.1,CENTRAL TURKEY
537160,2016,10,15,08,42,33.2,E,39.61,N,39.99,10,2.8,EASTERN TURKEY
537154,2016,10,15,08,38,46.0,E,27.72,N,38.94,6,2.5,WESTERN TURKEY
537152,2016,10,15,08,32,05.6,E,27.85,N,38.89,15,2.2,WESTERN TURKEY
537149,2016,10,15,08,18,33.2,E,30.69,N,42.19,10,5.2,BLACK SEA
537206,2016,10,15,08,14,50.9,W,65.90,N,18.66,18,2.5,PUERTO RICO REGION
537150,2016,10,15,08,13,57.0,W,71.55,S,30.00,40,2.9,"OFFSHORE COQUIMBO, CHILE"
537135,2016,10,15,08,04,41.2,E,38.95,N,38.81,14,2.2,WESTERN TURKEY
537133,2016,10,15,07,45,06.8,E,38.91,N,45.45,6,2.9,WESTERN TURKEY
537205,2016,10,15,07,40,19.8,W,66.63,N,17.81,4,2.5,PUERTO RICO REGION
537130,2016,10,15,07,17,26.5,E,26.57,N,38.17,11,2.6,NEAR THE COAST OF WESTERN TURKEY
537130,2016,10,15,07,17,26.5,E,26.57,N,38.17,11,2.6,NEAR THE COAST OF WESTERN TURKEY
537129,2016,10,15,07,16,08.0,W,66.34,N,73.17,4,2.5,PUERTO RICO
537128,2016,10,15,06,54,45.5,E,35.98,N,39.80,9,2.1,CENTRAL TURKEY
537124,2016,10,15,06,32,47.0,W,69.42,S,81.10,148,3.7,"SAN JUAN, ARGENTINA"
537121,2016,10,15,06,20,35.3,E,27.71,N,38.89,5,2.5,WESTERN TURKEY
537118,2016,10,15,06,17,33.3,W,20.56,N,19.12,234,3.8,"POTOSI, BOLIVIA"
537114,2016,10,15,05,47,17.0,W,58.37,N,32.83,0,2.6,ALASKA PENINSULA
537112,2016,10,15,05,32,55.5,E,26.52,N,34.56,10,4.5,"CRETE, GREECE"
537111,2016,10,15,05,26,41.2,E,40.11,N,19.38,5,2.4,WESTERN TURKEY
537109,2016,10,15,05,03,24.8,E,27.71,N,38.93,7,3.3,WESTERN TURKEY
537102,2016,10,15,04,52,09.7,E,27.71,N,38.93,7,3.4,WESTERN TURKEY
537103,2016,10,15,04,49,16.0,E,27.71,N,38.93,6,2.2,WESTERN TURKEY
537104,2016,10,15,04,44,50.8,E,27.65,N,38.98,3,2.0,WESTERN TURKEY
537097,2016,10,15,04,30,11.0,E,27.75,N,74.30,13,2.0,WESTERN TURKEY
537093,2016,10,15,03,38,11.4,E,27.70,N,38.95,6,2.5,WESTERN TURKEY
537093,2016,10,15,03,38,11.4,E,27.70,N,38.95,6,2.5,WESTERN TURKEY
537095,2016,10,15,03,38,09.9,W,66.87,N,17.97,12,2.5,PUERTO RICO
537092,2016,10,15,03,36,15.7,E,27.70,N,38.92,6,2.4,WESTERN TURKEY
537090,2016,10,15,03,24,11.5,E,27.70,N,38.90,4,2.1,WESTERN TURKEY
537089,2016,10,15,03,21,27.6,E,27.72,N,38.95,9,2.2,WESTERN TURKEY
537088,2016,10,15,03,17,39.0,W,66.88,N,73.96,17,2.4,PUERTO RICO
537134,2016,10,15,03,10,51.9,W,66.87,N,17.92,8,2.2,PUERTO RICO REGION
537087,2016,10,15,03,07,14.6,E,27.77,N,38.97,6,2.2,WESTERN TURKEY
537084,2016,10,15,03,02,28.7,E,27.73,N,38.92,19,3.6,WESTERN TURKEY
537085,2016,10,15,02,55,27.7,E,27.72,N,38.94,8,2.4,WESTERN TURKEY
537080,2016,10,15,02,51,03.5,E,27.69,N,38.94,6,4.2,WESTERN TURKEY
537074,2016,10,15,02,49,15.2,E,27.72,N,38.93,11,4.0,WESTERN TURKEY
537071,2016,10,15,02,44,48.2,W,66.85,S,24.09,193,4.3,"SALTA, ARGENTINA"
537068,2016,10,15,01,47,14.3,E,13.25,N,42.90,9,2.7,CENTRAL ITALY
537067,2016,10,15,01,44,26.3,W,36.41,N,40.74,5,2.1,OKLAHOMA
537156,2016,10,15,01,37,45.1,E,24.02,N,34.82,18,2.2,"CRETE, GREECE"
537064,2016,10,15,01,33,01.1,E,42.89,N,19.22,9,3.0,CENTRAL ITALY
537066,2016,10,15,01,11,09.0,E,36.78,N,63.14,6,2.1,DODECANESE IS.-TURKEY BORDER REG
537061,2016,10,15,00,46,07.1,E,25.54,N,39.83,12,2.6,AEGEAN SEA
537063,2016,10,15,00,05,39.1,E,23.15,N,34.94,22,2.1,"CRETE, GREECE"
537055,2016,10,14,23,37,58.2,W,73.11,N,45.91,146,3.4,NORTHERN COLOMBIA
537057,2016,10,14,23,26,58.0,W,69.28,S,19.21,105,2.6,"TARAPACA, CHILE"
537054,2016,10,14,23,26,56.6,E,41.67,N,39.19,6,2.2,EASTERN TURKEY
537058,2016,10,14,23,25,46.0,E,39.19,N,58.28,17,2.6,EASTERN TURKEY
537039,2016,10,14,22,52,48.2,W,97.91,N,36.91,5,2.5,OKLAHOMA
537211,2016,10,14,22,03,33.0,W,96.88,N,36.41,7,2.0,OKLAHOMA
537038,2016,10,14,22,02,34.9,W,19.38,N,16.60,3,2.1,"ISLAND OF HAWAII, HAWAII"
537032,2016,10,14,21,45,12.7,W,78.71,S,10.81,10,4.4,NEAR COAST OF CENTRAL PERU
537036,2016,10,14,21,38,08.0,E,12.44,N,59.79,200,4.9,SANTA CRUZ ISLANDS
537035,2016,10,14,21,28,45.3,E,40.12,N,52.46,15,2.2,AEGEAN SEA
537588,2016,10,14,21,09,23.9,W,19.41,N,49.44,2,2.0,"ISLAND OF HAWAII, HAWAII"
537025,2016,10,14,21,08,00.0,W,58.00,N,19.41,56,2.5,"KODIAK ISLAND REGION, ALASKA"
537021,2016,10,14,20,52,05.5,E,36.54,N,52.06,20,4.2,NORTHWESTERN IRAN
537007,2016,10,14,19,55,04.0,W,69.08,S,19.82,124,3.2,"TARAPACA, CHILE"
537210,2016,10,14,19,41,06.3,W,96.87,N,36.41,6,2.3,OKLAHOMA
537006,2016,10,14,19,31,25.9,W,40.74,N,38.32,7,2.3,NORTHERN CALIFORNIA
537004,2016,10,14,18,31,19.1,E,13.07,N,42.87,9,2.5,CENTRAL ITALY
537001,2016,10,14,18,29,04.0,E,35.75,N,35.87,1,2.2,"CRETE, GREECE"
537030,2016,10,14,18,10,37.0,W,21.93,N,50.63,113,4.7,"ANTOFAGASTA, CHILE"
536996,2016,10,14,17,25,24.1,W,60.69,N,16.71,25,4.4,"GUADELOUPE REGION, LEEWARD ISL."
536997,2016,10,14,17,23,19.6,E,71.33,N,36.69,179,4.3,"HINDU KUSH REGION, AFGHANISTAN"
536998,2016,10,14,17,22,45.4,W,60.01,N,56.41,46,2.5,"KENAI PENINSULA, ALASKA"
536991,2016,10,14,16,38,49.0,W,68.94,S,22.38,102,2.6,"ANTOFAGASTA, CHILE"
536989,2016,10,14,16,14,50.0,W,70.78,S,32.13,64,3.8,"VALPARAISO, CHILE"
536989,2016,10,14,16,14,50.0,W,70.78,S,32.13,64,3.8,"VALPARAISO, CHILE"
536992,2016,10,14,16,09,00.1,E,26.32,N,45.48,124,3.1,ROMANIA
536987,2016,10,14,16,08,48.8,E,38.97,N,49.92,1,2.1,GREECE
536986,2016,10,14,16,01,54.4,E,37.97,N,19.36,1,2.2,IONIAN SEA
536985,2016,10,14,15,44,11.7,E,21.78,N,38.43,1,3.0,GREECE
536988,2016,10,14,15,35,35.4,E,39.57,N,38.16,18,2.1,EASTERN TURKEY
536981,2016,10,14,14,51,39.2,W,41.93,N,41.90,4,2.0,NEVADA
536979,2016,10,14,14,39,46.3,E,41.37,N,39.10,5,3.1,EASTERN TURKEY
536977,2016,10,14,14,35,44.4,E,30.78,N,40.19,26,2.3,WESTERN TURKEY
536978,2016,10,14,14,35,30.4,E,22.41,N,38.98,1,2.3,GREECE
536984,2016,10,14,14,35,18.0,E,39.06,N,61.31,12,2.2,AEGEAN SEA
536974,2016,10,14,14,06,38.2,W,65.62,N,17.91,6,3.0,PUERTO RICO REGION
536971,2016,10,14,13,46,33.1,E,49.98,N,30.94,40,3.8,WESTERN IRAN
536969,2016,10,14,13,45,55.2,E,36.43,N,36.05,12,2.0,CENTRAL TURKEY
536965,2016,10,14,13,11,02.0,W,68.97,S,21.21,96,2.4,"TARAPACA, CHILE"
536962,2016,10,14,13,05,22.2,E,38.75,N,36.87,29,2.6,TURKEY-SYRIA BORDER REGION
536962,2016,10,14,13,05,22.2,E,38.75,N,36.87,29,2.6,TURKEY-SYRIA BORDER REGION
536958,2016,10,14,12,59,52.0,E,20.60,N,38.76,10,2.7,GREECE
536960,2016,10,14,12,59,04.7,W,20.90,N,59.77,98,2.5,"ANTOFAGASTA, CHILE"
536970,2016,10,14,12,48,34.4,E,13.06,N,42.87,9,2.5,CENTRAL ITALY
536966,2016,10,14,12,47,34.0,E,45.71,N,59.82,99,2.7,ROMANIA
536967,2016,10,14,12,41,01.0,E,35.54,N,60.92,1,2.1,"CRETE, GREECE"
536961,2016,10,14,12,30,00.0,E,37.66,N,35.75,6,2.2,CENTRAL TURKEY
536957,2016,10,14,12,19,18.0,W,36.50,N,58.87,5,3.2,OKLAHOMA
536950,2016,10,14,11,45,20.9,E,28.67,N,37.10,5,2.5,WESTERN TURKEY
536949,2016,10,14,11,42,14.1,E,31.13,N,40.39,5,2.3,WESTERN TURKEY
536945,2016,10,14,10,58,10.4,W,73.61,S,37.53,20,4.9,"BIO-BIO, CHILE"
536968,2016,10,14,10,24,06.0,W,89.92,N,35.92,7,2.0,ARKANSAS
536941,2016,10,14,10,23,36.0,W,80.21,N,73.13,10,4.4,PERU-ECUADOR BORDER REGION
536939,2016,10,14,09,28,21.0,E,31.60,N,73.14,10,2.0,WESTERN TURKEY
536937,2016,10,14,08,58,47.0,E,42.87,N,59.45,9,2.8,CENTRAL ITALY
536925,2016,10,14,08,31,54.3,E,19.13,N,38.81,272,4.5,VANUATU
536938,2016,10,14,08,30,38.0,E,46.52,N,57.52,11,1.9,SWITZERLAND
536931,2016,10,14,07,54,31.0,W,18.58,N,62.29,63,3.2,VIRGIN ISLANDS REGION
536920,2016,10,14,07,13,55.0,E,34.23,N,63.03,10,2.7,"CRETE, GREECE"
537022,2016,10,14,06,45,50.0,W,32.12,N,51.52,120,3.3,"SAN JUAN, ARGENTINA"
536911,2016,10,14,06,28,18.2,E,35.91,N,15.26,60,2.4,CYPRUS REGION
536904,2016,10,14,05,32,57.0,W,70.00,S,21.49,45,2.7,"ANTOFAGASTA, CHILE"
536917,2016,10,14,05,03,41.6,E,31.83,N,34.37,10,2.8,CYPRUS REGION
536900,2016,10,14,05,02,41.0,W,70.90,S,27.97,51,2.6,"ATACAMA, CHILE"
536902,2016,10,14,05,02,06.0,W,61.99,N,59.28,19,2.1,SOUTHERN ALASKA
536901,2016,10,14,04,54,54.0,W,19.38,N,61.99,31,2.8,"ISLAND OF HAWAII, HAWAII"
536898,2016,10,14,04,09,20.2,E,13.33,N,42.63,11,3.3,CENTRAL ITALY
536980,2016,10,14,03,50,39.2,W,96.89,N,36.45,5,2.0,OKLAHOMA
536894,2016,10,14,03,43,54.0,W,24.09,N,72.67,210,3.9,"SALTA, ARGENTINA"
536890,2016,10,14,03,14,13.0,E,22.85,N,35.29,4,2.4,CENTRAL MEDITERRANEAN SEA
536919,2016,10,14,03,06,20.5,W,64.95,N,18.42,19,2.4,VIRGIN ISLANDS REGION
536921,2016,10,14,02,54,51.9,W,65.40,N,19.57,75,2.6,PUERTO RICO REGION
536888,2016,10,14,02,39,08.9,E,26.05,N,39.09,6,2.2,NEAR THE COAST OF WESTERN TURKEY
536889,2016,10,14,02,19,50.0,W,30.35,N,63.49,17,2.7,"OFFSHORE COQUIMBO, CHILE"
536918,2016,10,14,01,56,08.3,W,64.94,N,18.12,14,2.5,VIRGIN ISLANDS REGION
536885,2016,10,14,01,44,23.0,E,30.97,N,60.19,10,4.8,SOUTHERN IRAN
536886,2016,10,14,01,33,43.0,W,18.28,N,58.94,131,3.9,PUERTO RICO
536874,2016,10,14,00,56,51.8,W,62.95,N,36.89,114,2.1,CENTRAL ALASKA
536877,2016,10,14,00,48,14.0,W,60.04,N,62.95,112,2.2,SOUTHERN ALASKA
536878,2016,10,14,00,33,31.0,E,37.50,N,61.89,30,4.7,"OFF E. COAST OF N. ISLAND, N.Z."
536872,2016,10,14,00,24,40.0,W,97.34,N,81.03,4,2.4,OKLAHOMA
536868,2016,10,13,23,46,26.8,E,41.58,N,43.39,2,2.9,ALBANIA
536866,2016,10,13,23,13,08.1,W,63.07,S,22.68,8,3.2,CENTRAL ALASKA
536865,2016,10,13,22,59,06.0,W,58.82,N,63.40,2,2.5,"KODIAK ISLAND REGION, ALASKA"
536862,2016,10,13,21,50,38.0,W,60.30,N,58.21,97,2.0,SOUTHERN ALASKA
536858,2016,10,13,21,13,03.5,W,35.49,N,62.77,10,5.4,SOUTHEAST OF EASTER ISLAND
536850,2016,10,13,20,18,44.9,W,31.23,N,62.24,164,4.2,"SAN JUAN, ARGENTINA"
536849,2016,10,13,19,18,49.9,W,43.39,N,33.76,8,3.0,PYRENEES
536846,2016,10,13,19,02,10.0,E,39.73,N,43.39,10,2.9,AEGEAN SEA
536847,2016,10,13,18,55,09.0,W,33.59,N,25.16,8,2.3,SOUTHERN CALIFORNIA
536840,2016,10,13,18,30,44.6,W,63.58,N,41.87,3,2.9,CENTRAL ALASKA
536835,2016,10,13,17,26,53.0,W,68.44,S,21.53,142,4.2,"ANTOFAGASTA, CHILE"
536839,2016,10,13,17,24,34.0,W,33.97,N,63.79,14,2.2,"GREATER LOS ANGELES AREA, CALIF."
536831,2016,10,13,16,19,05.8,E,38.85,S,17.17,5,2.9,EASTERN TURKEY
536827,2016,10,13,16,10,03.7,W,38.84,N,19.38,2,2.3,NORTHERN CALIFORNIA
536843,2016,10,13,15,30,38.6,E,40.12,N,39.88,10,2.4,EASTERN TURKEY
536935,2016,10,13,15,29,45.8,E,20.36,N,38.18,15,2.0,GREECE
536821,2016,10,13,15,22,38.6,E,30.02,N,38.93,5,2.4,WESTERN TURKEY
536829,2016,10,13,15,13,06.8,E,44.13,N,43.06,5,3.3,"CAUCASUS REGION, RUSSIA"
536820,2016,10,13,14,54,00.0,E,36.42,N,36.15,5,2.0,CENTRAL TURKEY
536816,2016,10,13,14,38,35.5,E,39.56,S,62.32,2,3.3,"KERKIRA REGION, GREECE"
536814,2016,10,13,14,23,48.5,E,19.47,N,39.56,2,3.3,"KERKIRA REGION, GREECE"
536813,2016,10,13,14,19,19.0,W,68.91,S,21.07,112,3.9,"TARAPACA, CHILE"
536808,2016,10,13,14,09,25.9,W,30.33,N,19.43,45,2.6,"COQUIMBO, CHILE"
536812,2016,10,13,13,53,25.0,W,40.94,N,61.24,18,3.6,"OFFSHORE LOS LAGOS, CHILE"
536802,2016,10,13,13,23,58.0,W,71.51,S,32.63,27,3.8,"OFFSHORE VALPARAISO, CHILE"
536801,2016,10,13,13,21,51.4,E,20.63,N,38.12,9,2.6,GREECE
536869,2016,10,13,13,12,42.0,W,18.27,S,19.85,48,2.2,PUERTO RICO REGION
536804,2016,10,13,13,01,28.6,E,37.67,N,37.22,8,2.0,CENTRAL TURKEY
536805,2016,10,13,12,24,45.0,E,46.44,N,42.83,60,3.6,"CAUCASUS REGION, RUSSIA"
536798,2016,10,13,12,17,07.0,E,45.39,N,63.21,8,2.3,FRANCE
536794,2016,10,13,11,35,21.5,E,39.82,S,36.12,20,1.5,NEAR THE COAST OF WESTERN TURKEY
536791,2016,10,13,10,44,02.0,E,47.43,N,76.72,0,2.0,FRANCE
536800,2016,10,13,10,28,49.0,E,46.57,N,42.20,10,3.5,"CAUCASUS REGION, RUSSIA"
536792,2016,10,13,10,26,47.0,W,36.23,N,61.07,6,2.0,CENTRAL CALIFORNIA
536786,2016,10,13,10,10,23.4,W,38.80,N,19.38,1,2.0,NORTHERN CALIFORNIA
536783,2016,10,13,09,21,34.2,E,39.87,N,40.69,18,2.0,EASTERN TURKEY
536782,2016,10,13,09,21,14.5,W,35.81,N,19.36,36,3.7,"OFFSHORE MAULE, CHILE"
536780,2016,10,13,09,16,27.3,E,27.84,N,37.19,10,1.5,WESTERN TURKEY
536778,2016,10,13,09,12,02.3,E,27.87,N,37.21,10,1.7,WESTERN TURKEY
536823,2016,10,13,08,54,32.2,W,96.89,N,36.40,5,2.3,OKLAHOMA
536777,2016,10,13,08,51,38.0,E,28.22,N,37.21,9,1.7,WESTERN TURKEY
536769,2016,10,13,08,00,32.3,W,73.16,N,47.45,149,2.2,NORTHERN COLOMBIA
536766,2016,10,13,06,50,02.0,W,31.24,N,62.39,6,3.3,"BAJA CALIFORNIA, MEXICO"
536764,2016,10,13,06,32,03.9,E,41.56,N,39.19,15,2.2,EASTERN TURKEY
536761,2016,10,13,06,26,45.0,E,35.31,N,59.50,14,2.2,EASTERN MEDITERRANEAN SEA
536760,2016,10,13,06,03,50.4,E,67.98,N,36.45,10,4.4,CENTRAL AFGHANISTAN
536757,2016,10,13,05,58,17.7,E,22.78,N,41.80,2,2.5,FYR OF MACEDONIA
536771,2016,10,13,05,55,27.0,E,38.28,S,32.48,9,2.4,WESTERN TURKEY
536754,2016,10,13,05,30,30.9,E,37.21,N,37.63,10,1.9,WESTERN TURKEY
536750,2016,10,13,05,11,24.0,E,13.07,N,75.09,9,3.1,CENTRAL ITALY
536748,2016,10,13,04,53,33.2,E,13.08,N,42.86,9,2.6,CENTRAL ITALY
536747,2016,10,13,04,35,19.5,E,39.18,N,47.03,2,2.5,WESTERN TURKEY
536745,2016,10,13,03,55,12.5,W,21.17,N,25.57,102,3.1,"TARAPACA, CHILE"
536743,2016,10,13,03,50,13.7,E,27.83,N,36.21,62,2.0,DODECANESE IS.-TURKEY BORDER REG
536772,2016,10,13,03,39,20.0,W,63.95,N,18.23,98,2.7,VIRGIN ISLANDS REGION
536759,2016,10,13,03,26,46.8,E,33.58,N,34.64,18,1.6,CYPRUS REGION
536740,2016,10,13,03,20,05.0,W,67.60,S,24.12,221,4.4,"ANTOFAGASTA, CHILE"
536770,2016,10,13,03,19,04.5,W,64.52,N,18.07,9,2.2,VIRGIN ISLANDS REGION
536739,2016,10,13,03,16,13.8,E,29.11,N,39.98,8,2.7,WESTERN TURKEY
536738,2016,10,13,03,14,53.7,E,29.12,N,39.98,5,3.2,WESTERN TURKEY
536722,2016,10,13,02,48,41.7,W,98.31,N,36.77,9,3.6,OKLAHOMA
536721,2016,10,13,02,34,38.3,E,29.11,N,39.97,6,2.0,WESTERN TURKEY
536737,2016,10,13,02,30,48.0,E,38.51,N,63.02,5,1.5,CENTRAL TURKEY
536716,2016,10,13,02,06,20.3,E,29.04,N,40.05,5,2.0,WESTERN TURKEY
536720,2016,10,13,02,04,32.0,W,30.75,N,61.65,46,2.7,"COQUIMBO, CHILE"
536719,2016,10,13,01,33,40.0,E,37.89,N,61.03,5,1.8,WESTERN TURKEY
536741,2016,10,13,00,47,16.3,W,66.63,N,17.86,12,2.3,PUERTO RICO REGION
536724,2016,10,13,00,26,14.5,E,26.72,N,38.02,3,1.9,NEAR THE COAST OF WESTERN TURKEY
536725,2016,10,13,00,20,40.9,E,27.52,N,40.79,13,2.0,WESTERN TURKEY
536726,2016,10,13,00,16,53.3,E,29.33,N,37.99,12,1.7,WESTERN TURKEY
536713,2016,10,12,23,48,51.0,W,38.70,N,62.86,1,2.0,AZORES-CAPE ST. VINCENT RIDGE
536728,2016,10,12,23,35,48.5,E,39.97,N,39.90,9,2.2,EASTERN TURKEY
536733,2016,10,12,23,31,18.8,E,40.83,N,38.59,13,2.0,EASTERN TURKEY
536700,2016,10,12,23,30,00.8,E,27.71,N,39.00,8,3.2,WESTERN TURKEY
536694,2016,10,12,23,11,32.6,E,28.49,N,36.54,43,1.8,DODECANESE IS.-TURKEY BORDER REG
536692,2016,10,12,22,59,25.0,W,69.15,S,20.16,95,2.8,"TARAPACA, CHILE"
536689,2016,10,12,22,52,12.2,E,28.51,N,40.86,22,2.0,WESTERN TURKEY
536691,2016,10,12,22,45,41.0,W,69.38,S,19.30,100,3.2,"TARAPACA, CHILE"
536693,2016,10,12,22,43,50.2,E,19.26,N,39.76,2,3.0,"KERKIRA REGION, GREECE"
536688,2016,10,12,22,14,21.1,E,28.44,N,37.15,9,1.7,WESTERN TURKEY
536686,2016,10,12,21,59,22.8,E,58.07,N,35.04,5,3.6,NORTHEASTERN IRAN
536685,2016,10,12,21,56,21.5,E,26.00,N,39.62,6,2.4,NEAR THE COAST OF WESTERN TURKEY
536684,2016,10,12,21,43,40.7,E,43.90,N,38.50,5,2.2,EASTERN TURKEY
536683,2016,10,12,21,36,04.8,E,39.87,N,39.27,7,2.0,EASTERN TURKEY
536677,2016,10,12,20,38,10.4,E,31.56,N,40.15,8,2.0,WESTERN TURKEY
536676,2016,10,12,20,32,52.0,W,23.07,S,54.46,83,2.9,"ANTOFAGASTA, CHILE"
536678,2016,10,12,20,08,04.1,E,37.85,N,37.94,10,1.6,CENTRAL TURKEY
536679,2016,10,12,20,06,24.0,W,61.78,N,60.46,29,2.2,SOUTHERN ALASKA
536675,2016,10,12,19,23,17.3,E,31.62,N,40.12,22,1.7,WESTERN TURKEY
536674,2016,10,12,19,22,15.6,E,34.23,N,36.67,17,1.5,CENTRAL TURKEY
536669,2016,10,12,19,11,35.0,W,72.02,S,36.33,68,2.9,"BIO-BIO, CHILE"
536671,2016,10,12,18,52,25.0,E,38.54,N,60.36,14,2.0,GREECE
536779,2016,10,12,18,33,32.9,W,37.32,N,48.21,0,2.0,"SAN FRANCISCO BAY AREA, CALIF."
536666,2016,10,12,18,30,16.9,E,31.85,N,37.32,14,1.8,WESTERN AUSTRALIA
536665,2016,10,12,17,55,04.0,W,70.75,S,32.84,80,3.7,"VALPARAISO, CHILE"
536664,2016,10,12,17,55,01.4,E,38.91,N,19.15,6,2.3,WESTERN TURKEY
536661,2016,10,12,17,06,16.0,W,70.52,S,20.66,39,3.9,"OFFSHORE TARAPACA, CHILE"
536660,2016,10,12,16,50,51.7,W,64.58,N,95.70,28,2.1,VIRGIN ISLANDS REGION
536775,2016,10,12,16,36,23.8,W,68.97,S,21.17,106,2.6,"TARAPACA, CHILE"
536655,2016,10,12,16,28,32.0,E,13.07,N,42.87,9,2.5,CENTRAL ITALY
536657,2016,10,12,16,14,23.4,E,27.89,N,38.85,15,1.8,WESTERN TURKEY
536651,2016,10,12,16,08,34.4,E,29.05,N,39.54,7,2.6,WESTERN TURKEY
536652,2016,10,12,16,04,38.9,E,20.37,N,39.81,6,2.3,ALBANIA
536647,2016,10,12,15,52,27.0,W,70.95,S,18.68,42,2.8,"OFFSHORE TARAPACA, CHILE"
536658,2016,10,12,15,30,18.6,E,82.38,N,36.03,10,4.2,"SOUTHERN XINJIANG, CHINA"
536654,2016,10,12,15,29,23.4,E,35.27,N,39.94,5,1.8,CENTRAL TURKEY
536645,2016,10,12,15,23,15.0,E,22.75,N,74.79,2,2.4,GREECE
536855,2016,10,12,15,16,21.0,W,96.89,N,36.42,4,2.1,OKLAHOMA
536643,2016,10,12,15,07,11.2,E,26.36,N,40.52,14,2.0,WESTERN TURKEY
536643,2016,10,12,15,07,11.2,E,26.36,N,40.52,14,2.0,WESTERN TURKEY
536703,2016,10,12,14,52,20.6,E,37.04,S,17.63,5,2.2,WESTERN TURKEY
536928,2016,10,12,14,37,40.5,E,20.58,N,38.46,11,2.0,GREECE
536639,2016,10,12,14,34,31.0,E,27.01,N,36.64,120,2.5,DODECANESE IS.-TURKEY BORDER REG
536702,2016,10,12,14,21,30.0,W,63.59,S,24.35,1,3.0,CENTRAL ALASKA
536638,2016,10,12,14,10,24.1,E,29.54,N,40.51,11,1.7,WESTERN TURKEY
536634,2016,10,12,13,49,54.0,W,71.56,S,30.26,24,3.2,"OFFSHORE COQUIMBO, CHILE"
536632,2016,10,12,13,41,35.4,E,13.15,N,42.95,5,1.5,CENTRAL ITALY
536631,2016,10,12,13,36,53.6,E,37.54,N,38.84,1,1.9,WESTERN TURKEY
536629,2016,10,12,13,14,20.1,E,34.27,N,36.48,9,2.1,CENTRAL TURKEY
536628,2016,10,12,13,02,39.1,E,28.78,N,38.25,7,2.7,WESTERN TURKEY
536630,2016,10,12,13,02,13.3,E,46.23,N,63.45,18,2.0,GREECE
536626,2016,10,12,10,39,23.0,W,64.44,N,18.97,14,2.6,VIRGIN ISLANDS REGION
536618,2016,10,12,10,39,13.6,E,42.01,N,10.72,6,2.5,KOSOVO-SERBIA-FYROM BORDER REG.
536613,2016,10,12,09,39,02.4,E,21.48,N,42.01,6,2.5,KOSOVO-SERBIA-FYROM BORDER REG.
536612,2016,10,12,08,51,05.4,E,38.80,N,37.45,5,2.3,EASTERN TURKEY
536609,2016,10,12,08,29,30.0,E,85.95,N,27.66,10,4.1,NEPAL
536608,2016,10,12,08,24,44.2,E,39.32,N,51.11,8,2.0,CENTRAL TURKEY
536600,2016,10,12,08,10,05.2,E,22.74,N,40.97,2,2.7,GREECE
536605,2016,10,12,07,49,39.0,W,19.69,N,61.74,37,3.4,"OFF COAST OF TARAPACA, CHILE"
536598,2016,10,12,07,32,34.7,W,98.81,N,36.49,6,3.1,OKLAHOMA
536767,2016,10,12,06,52,23.7,E,20.41,N,38.12,18,3.1,GREECE
536590,2016,10,12,05,41,53.5,E,23.26,N,35.96,2,3.0,"CRETE, GREECE"
536591,2016,10,12,05,03,00.0,E,39.66,N,61.77,15,1.9,AEGEAN SEA
536589,2016,10,12,04,33,03.2,E,20.10,N,41.95,19,2.4,ALBANIA
536572,2016,10,12,04,16,23.7,W,62.34,S,20.93,188,2.0,CENTRAL ALASKA
536575,2016,10,12,04,06,48.8,E,13.42,N,38.77,10,4.3,GULF OF ADEN
536603,2016,10,12,03,57,31.8,W,19.83,S,11.53,14,2.5,"ISLAND OF HAWAII, HAWAII"
536567,2016,10,12,03,21,23.6,E,38.76,N,65.67,8,2.0,GREECE
536571,2016,10,12,03,06,26.6,E,26.82,N,37.43,13,2.0,"DODECANESE ISLANDS, GREECE"
536607,2016,10,12,03,03,01.1,W,65.66,N,17.88,10,2.1,PUERTO RICO REGION
536565,2016,10,12,03,00,50.0,W,65.68,N,42.15,15,3.9,NORTHERN ALASKA
536564,2016,10,12,02,53,04.5,E,36.59,N,35.61,20,3.2,SYRIA
536592,2016,10,12,02,47,33.6,W,65.91,N,18.67,37,2.9,PUERTO RICO REGION
536560,2016,10,12,02,36,59.3,E,29.65,N,36.15,6,2.1,WESTERN TURKEY
536854,2016,10,12,02,34,57.5,W,97.85,N,36.82,7,2.7,OKLAHOMA
536559,2016,10,12,02,23,47.6,E,28.75,N,36.47,5,1.9,DODECANESE IS.-TURKEY BORDER REG
536922,2016,10,12,02,15,14.9,E,20.58,N,38.54,13,2.1,GREECE
536557,2016,10,12,02,08,16.5,E,13.26,N,42.69,13,2.5,CENTRAL ITALY
536556,2016,10,12,01,59,21.7,W,71.51,S,30.70,41,4.7,"COQUIMBO, CHILE"
536551,2016,10,12,01,40,10.2,E,13.63,N,32.94,147,5.3,"MINDORO, PHILIPPINES"
536558,2016,10,12,01,32,35.0,W,39.35,N,60.18,10,2.5,"AZORES ISLANDS, PORTUGAL"
536548,2016,10,12,01,14,51.3,E,28.96,N,40.62,6,1.6,WESTERN TURKEY
536547,2016,10,12,01,10,13.0,W,29.72,N,39.48,63,2.9,"AZORES ISLANDS, PORTUGAL"
536549,2016,10,12,01,00,08.7,E,26.85,N,37.43,7,2.1,"DODECANESE ISLANDS, GREECE"
536550,2016,10,12,00,56,55.0,E,44.55,N,38.89,5,2.2,TURKEY-IRAN BORDER REGION
536546,2016,10,12,00,22,36.0,E,33.21,N,60.97,6,2.3,WESTERN AUSTRALIA
536584,2016,10,11,23,59,34.6,W,66.88,N,17.96,15,2.5,PUERTO RICO
536541,2016,10,11,23,49,41.1,E,28.86,N,40.66,15,1.8,WESTERN TURKEY
536573,2016,10,11,23,49,07.5,W,66.89,N,17.96,14,2.4,PUERTO RICO
536540,2016,10,11,23,47,45.7,E,28.96,N,40.60,6,1.9,WESTERN TURKEY
536539,2016,10,11,23,44,18.7,E,28.95,N,40.62,6,2.0,WESTERN TURKEY
536538,2016,10,11,23,42,43.6,E,28.95,N,40.61,5,3.1,WESTERN TURKEY
536543,2016,10,11,23,41,32.2,E,28.94,N,40.60,20,2.3,WESTERN TURKEY
536531,2016,10,11,23,38,36.4,E,28.95,N,40.62,7,2.0,WESTERN TURKEY
536527,2016,10,11,23,29,07.9,W,37.55,N,34.18,8,2.4,CENTRAL CALIFORNIA
536529,2016,10,11,22,47,42.0,W,17.95,N,62.11,14,2.1,PUERTO RICO REGION
536537,2016,10,11,22,43,09.3,W,66.88,N,17.95,14,2.1,PUERTO RICO REGION
536524,2016,10,11,22,30,54.4,E,27.61,N,75.98,5,2.2,WESTERN TURKEY
536518,2016,10,11,21,46,14.1,E,28.98,N,40.62,4,2.8,WESTERN TURKEY
536516,2016,10,11,21,26,59.0,E,39.79,N,39.30,5,1.6,EASTERN TURKEY
536519,2016,10,11,21,24,10.3,E,13.07,N,42.87,8,3.2,CENTRAL ITALY
536522,2016,10,11,21,18,38.9,E,40.60,N,49.46,5,2.2,EASTERN TURKEY
536511,2016,10,11,21,13,32.9,E,29.08,N,39.19,5,2.5,WESTERN TURKEY
536510,2016,10,11,21,12,32.1,E,28.02,N,35.96,8,2.8,EASTERN MEDITERRANEAN SEA
536502,2016,10,11,20,32,44.0,W,72.08,S,33.90,39,2.6,"OFFSHORE O'HIGGINS, CHILE"
536500,2016,10,11,20,32,26.1,E,27.97,N,40.83,20,1.8,WESTERN TURKEY
536498,2016,10,11,20,19,37.8,W,61.15,N,19.44,0,2.2,"SOUTHERN YUKON TERRITORY, CANADA"
536602,2016,10,11,20,08,45.7,E,36.52,S,17.32,14,1.5,DODECANESE IS.-TURKEY BORDER REG
536493,2016,10,11,19,46,18.2,E,35.93,N,41.69,22,2.3,CENTRAL TURKEY
536619,2016,10,11,19,38,14.5,E,33.54,N,34.37,23,1.9,CYPRUS REGION
536491,2016,10,11,19,02,26.2,W,19.11,N,42.29,42,2.1,VIRGIN ISLANDS REGION
536489,2016,10,11,18,58,00.3,E,43.70,N,40.63,5,2.3,EASTERN TURKEY
536489,2016,10,11,18,58,00.3,E,43.70,N,40.63,5,2.3,EASTERN TURKEY
536488,2016,10,11,18,29,16.2,E,35.67,N,40.43,8,1.9,CENTRAL TURKEY
536487,2016,10,11,18,18,31.0,W,68.47,S,21.82,133,3.8,"ANTOFAGASTA, CHILE"
536486,2016,10,11,18,12,09.8,E,28.98,N,36.25,18,1.6,DODECANESE IS.-TURKEY BORDER REG
536483,2016,10,11,17,57,51.6,E,41.72,N,34.10,23,2.8,CENTRAL TURKEY
536545,2016,10,11,17,50,58.0,E,24.77,S,31.43,60,4.5,MYANMAR
536481,2016,10,11,17,29,04.7,W,36.29,N,37.54,7,2.8,OKLAHOMA
536480,2016,10,11,16,48,13.9,E,20.72,N,40.59,2,2.4,ALBANIA
536478,2016,10,11,16,17,22.7,E,38.18,N,40.18,14,2.2,EASTERN TURKEY
536479,2016,10,11,16,14,40.2,E,21.31,N,42.15,1,2.1,KOSOVO-SERBIA-FYROM BORDER REG.
536474,2016,10,11,16,12,42.0,W,69.78,S,21.28,49,2.5,"TARAPACA, CHILE"
536542,2016,10,11,16,12,24.0,W,63.00,S,28.41,1,2.0,CENTRAL ALASKA
536472,2016,10,11,15,55,31.5,W,62.07,N,38.83,35,2.9,CENTRAL ALASKA
536469,2016,10,11,15,40,36.8,W,19.50,N,34.25,83,2.5,VIRGIN ISLANDS REGION
536470,2016,10,11,15,15,16.0,E,30.59,N,61.72,1,1.8,WESTERN AUSTRALIA
536465,2016,10,11,14,13,31.9,E,21.84,N,38.40,14,2.5,GREECE
536484,2016,10,11,14,05,19.4,W,75.51,N,31.90,22,2.6,NORTHERN COLOMBIA
536455,2016,10,11,13,37,34.4,E,29.35,N,36.67,24,2.0,WESTERN TURKEY
536471,2016,10,11,13,27,47.6,E,28.39,N,34.71,10,3.1,EASTERN MEDITERRANEAN SEA
536462,2016,10,11,13,02,26.0,E,20.57,N,38.45,12,2.0,GREECE
536445,2016,10,11,12,56,36.1,W,20.60,N,47.47,105,2.9,"TARAPACA, CHILE"
536459,2016,10,11,12,49,00.2,E,27.88,N,38.96,22,2.1,WESTERN TURKEY
536443,2016,10,11,12,47,51.0,W,71.54,S,30.06,40,3.2,"OFFSHORE COQUIMBO, CHILE"
536448,2016,10,11,12,31,42.4,E,37.32,N,38.99,5,2.3,CENTRAL TURKEY
536473,2016,10,11,12,01,07.6,W,66.43,N,18.03,13,2.0,PUERTO RICO
536442,2016,10,11,11,59,29.0,E,38.40,N,65.93,10,4.5,GREECE
536463,2016,10,11,11,31,00.0,E,30.83,N,40.52,13,1.6,WESTERN TURKEY
536438,2016,10,11,11,27,43.0,E,39.87,N,58.13,1,2.2,WESTERN TURKEY
536433,2016,10,11,10,55,54.6,E,27.81,N,38.98,14,1.9,WESTERN TURKEY
536430,2016,10,11,10,52,49.6,E,44.99,N,19.32,20,3.6,"CAUCASUS REGION, RUSSIA"
536428,2016,10,11,10,41,32.3,E,27.73,N,39.00,12,3.3,WESTERN TURKEY
536520,2016,10,11,10,34,53.8,W,97.40,N,35.68,5,2.4,OKLAHOMA
536594,2016,10,11,10,14,54.6,E,20.65,N,40.72,8,2.2,ALBANIA
536424,2016,10,11,10,08,23.4,W,66.88,N,17.96,16,2.1,PUERTO RICO
536467,2016,10,11,10,02,07.1,E,29.97,N,41.26,9,1.9,WESTERN TURKEY
536422,2016,10,11,09,54,30.2,E,28.65,N,41.14,8,1.7,WESTERN TURKEY
536421,2016,10,11,09,50,03.2,E,27.59,N,37.26,11,2.1,WESTERN TURKEY
536468,2016,10,11,09,46,28.6,E,31.29,N,40.81,22,1.7,WESTERN TURKEY
536420,2016,10,11,09,38,07.2,E,24.94,N,38.84,13,3.2,AEGEAN SEA
536466,2016,10,11,09,04,44.2,E,27.90,N,37.05,24,1.7,WESTERN TURKEY
536417,2016,10,11,09,00,50.8,E,28.06,N,37.23,8,1.9,WESTERN TURKEY
536521,2016,10,11,08,49,43.0,W,59.23,N,49.64,45,2.5,"KENAI PENINSULA, ALASKA"
536436,2016,10,11,08,33,43.7,W,66.87,N,17.98,15,2.2,PUERTO RICO
536451,2016,10,11,08,11,46.4,E,43.33,N,38.87,15,1.9,EASTERN TURKEY
536409,2016,10,11,08,10,02.8,E,46.27,N,19.39,5,1.5,SWITZERLAND
536412,2016,10,11,08,04,56.9,E,26.89,N,37.12,4,2.3,"DODECANESE ISLANDS, GREECE"
536403,2016,10,11,08,01,04.8,E,29.65,N,40.77,26,1.5,WESTERN TURKEY
536403,2016,10,11,08,01,04.8,E,29.65,N,40.77,26,1.5,WESTERN TURKEY
536456,2016,10,11,07,54,22.1,E,35.18,N,37.64,5,1.7,CENTRAL TURKEY
536457,2016,10,11,07,48,11.3,E,29.08,N,39.49,25,1.8,WESTERN TURKEY
536397,2016,10,11,07,33,09.2,E,12.95,N,44.11,10,2.9,NORTHERN ITALY
536400,2016,10,11,07,30,13.7,E,95.06,N,25.21,91,4.8,MYANMAR
536450,2016,10,11,07,09,04.6,E,27.45,N,38.92,10,2.3,WESTERN TURKEY
536398,2016,10,11,07,08,30.0,E,85.95,N,27.67,10,4.6,NEPAL
536482,2016,10,11,06,56,30.1,W,19.21,N,38.34,32,3.0,VIRGIN ISLANDS REGION
536414,2016,10,11,06,34,31.0,E,20.67,N,40.69,12,2.2,ALBANIA
536396,2016,10,11,06,27,24.1,W,64.37,N,19.25,29,3.2,VIRGIN ISLANDS REGION
536416,2016,10,11,06,13,31.3,W,66.59,N,17.85,18,2.0,PUERTO RICO REGION
536411,2016,10,11,06,01,14.1,W,65.38,N,18.02,19,2.1,PUERTO RICO REGION
536402,2016,10,11,05,46,36.0,W,67.11,S,31.31,27,4.8,"SAN JUAN, ARGENTINA"
536390,2016,10,11,05,44,05.8,W,17.49,N,46.94,530,4.8,FIJI REGION
536384,2016,10,11,05,31,42.3,E,59.90,N,29.48,10,3.8,SOUTHEASTERN IRAN
536386,2016,10,11,05,28,50.0,W,72.28,S,34.06,37,3.0,"OFFSHORE O'HIGGINS, CHILE"
536383,2016,10,11,05,26,57.0,E,38.21,N,39.68,9,2.6,EASTERN TURKEY
536381,2016,10,11,05,11,50.7,E,21.60,N,40.61,1,2.3,GREECE
536410,2016,10,11,05,00,41.9,W,65.02,N,18.76,16,3.2,VIRGIN ISLANDS REGION
536410,2016,10,11,05,00,41.9,W,65.02,N,18.76,16,3.2,VIRGIN ISLANDS REGION
536399,2016,10,11,04,44,57.8,W,67.22,N,18.23,18,2.5,"MONA PASSAGE, PUERTO RICO"
536388,2016,10,11,04,11,31.0,E,43.84,N,41.85,2,3.0,GEORGIA (SAK'ART'VELO)
536389,2016,10,11,04,08,23.3,E,20.68,N,40.71,16,2.2,ALBANIA
536376,2016,10,11,03,52,40.5,E,20.68,N,40.73,2,2.5,ALBANIA
536379,2016,10,11,03,43,01.5,E,20.69,N,40.71,2,2.1,ALBANIA
536768,2016,10,11,03,39,57.1,E,20.59,N,38.22,22,2.2,GREECE
536461,2016,10,11,03,35,26.0,E,21.34,N,46.04,10,2.8,MOZAMBIQUE
536378,2016,10,11,02,43,55.0,W,65.15,N,60.23,8,2.0,NORTHERN ALASKA
536375,2016,10,11,02,20,21.2,E,33.46,N,40.47,5,2.0,CENTRAL TURKEY
536374,2016,10,11,02,15,30.0,W,72.36,S,34.01,10,2.5,"OFFSHORE O'HIGGINS, CHILE"
536373,2016,10,11,01,57,43.5,E,32.21,N,38.60,15,1.5,CENTRAL TURKEY
536372,2016,10,11,01,42,27.8,E,27.39,N,37.02,5,2.2,WESTERN TURKEY
536370,2016,10,11,01,10,59.0,W,68.86,S,21.15,109,2.9,"TARAPACA, CHILE"
536517,2016,10,11,01,10,04.5,W,96.69,N,35.87,4,2.3,OKLAHOMA
536368,2016,10,11,00,47,55.5,W,33.85,N,33.25,16,2.1,"GREATER LOS ANGELES AREA, CALIF."
536366,2016,10,11,00,34,02.6,E,28.86,N,37.08,3,1.6,WESTERN TURKEY
536380,2016,10,11,00,31,12.6,E,28.86,N,37.08,3,1.6,WESTERN TURKEY
536357,2016,10,11,00,03,52.0,W,68.27,S,21.60,141,3.4,"ANTOFAGASTA, CHILE"
536345,2016,10,10,23,24,43.2,E,30.04,N,37.87,12,1.9,WESTERN TURKEY
536356,2016,10,10,23,14,27.0,E,42.59,S,30.79,10,2.8,CENTRAL ITALY
536344,2016,10,10,22,57,38.8,E,40.62,N,42.34,5,1.9,WESTERN TURKEY
536341,2016,10,10,22,41,54.6,E,33.48,N,34.99,10,2.6,CYPRUS REGION
536339,2016,10,10,22,39,02.0,W,36.42,S,78.05,5,2.7,OKLAHOMA
536334,2016,10,10,21,48,53.9,E,28.15,N,36.39,40,2.3,DODECANESE IS.-TURKEY BORDER REG
536333,2016,10,10,21,10,20.0,W,70.07,S,23.43,22,2.3,"ANTOFAGASTA, CHILE"
536329,2016,10,10,20,41,29.0,W,72.04,S,32.94,24,3.6,"OFFSHORE VALPARAISO, CHILE"
536328,2016,10,10,20,27,55.7,W,96.88,N,36.44,5,3.5,OKLAHOMA
536326,2016,10,10,20,22,27.3,E,36.36,N,44.56,5,2.9,WESTERN TURKEY
536327,2016,10,10,20,03,29.9,E,28.82,N,36.53,25,1.7,DODECANESE IS.-TURKEY BORDER REG
536321,2016,10,10,18,51,24.0,W,68.69,S,21.91,109,2.9,"ANTOFAGASTA, CHILE"
536319,2016,10,10,18,50,10.7,E,42.48,N,37.31,5,3.0,TURKEY-SYRIA-IRAQ BORDER REGION
536318,2016,10,10,18,32,11.0,E,28.86,N,37.07,10,2.9,WESTERN TURKEY
536318,2016,10,10,18,32,11.0,E,28.86,N,37.07,10,2.9,WESTERN TURKEY
536312,2016,10,10,18,20,43.8,W,58.64,N,36.06,2,2.0,SOUTHEASTERN ALASKA
536311,2016,10,10,18,19,12.1,W,36.21,N,36.82,5,2.0,NEVADA
536331,2016,10,10,18,01,15.9,W,67.43,S,21.83,211,4.3,"POTOSI, BOLIVIA"
536310,2016,10,10,17,59,52.0,E,22.84,N,78.68,1,3.0,GREECE
536300,2016,10,10,17,13,53.3,W,34.06,N,36.72,14,2.3,"GREATER LOS ANGELES AREA, CALIF."
536304,2016,10,10,16,52,09.0,E,34.93,N,69.37,12,2.8,CYPRUS REGION
536302,2016,10,10,16,27,02.8,W,59.96,S,17.93,20,2.0,"KENAI PENINSULA, ALASKA"
536293,2016,10,10,16,03,43.5,W,64.69,N,18.87,14,3.3,VIRGIN ISLANDS REGION
536296,2016,10,10,16,00,42.3,W,18.22,N,37.86,25,2.5,PUERTO RICO
536289,2016,10,10,15,49,59.7,W,36.46,N,37.25,9,2.6,OKLAHOMA
536287,2016,10,10,15,40,54.7,E,16.26,N,51.50,1,3.2,POLAND
536295,2016,10,10,15,39,34.2,E,22.00,N,38.37,6,2.1,GREECE
536295,2016,10,10,15,39,34.2,E,22.00,N,38.37,6,2.1,GREECE
536332,2016,10,10,15,18,31.8,E,29.09,N,39.18,5,2.0,WESTERN TURKEY
536284,2016,10,10,14,55,47.3,W,68.53,S,21.93,123,4.2,"ANTOFAGASTA, CHILE"
536283,2016,10,10,14,49,26.6,E,25.17,N,40.25,17,2.4,AEGEAN SEA
536281,2016,10,10,14,11,00.4,E,55.33,N,28.30,8,3.5,SOUTHERN IRAN
536279,2016,10,10,13,56,20.7,E,27.51,N,38.16,5,2.7,WESTERN TURKEY
536282,2016,10,10,13,54,52.0,E,35.40,N,57.01,32,3.0,"CRETE, GREECE"
536277,2016,10,10,13,16,12.9,E,40.04,S,15.33,11,2.4,GREECE
536309,2016,10,10,13,11,22.7,W,18.53,N,46.61,12,2.7,PUERTO RICO REGION
536268,2016,10,10,13,03,27.9,E,40.04,N,33.97,5,2.0,CENTRAL TURKEY
536267,2016,10,10,12,49,47.1,E,27.88,N,37.17,23,1.7,WESTERN TURKEY
536265,2016,10,10,12,36,21.4,W,30.39,N,33.30,10,4.3,"OFFSHORE COQUIMBO, CHILE"
536262,2016,10,10,11,43,41.6,E,14.59,N,45.94,2,2.0,SLOVENIA
536259,2016,10,10,11,20,10.8,E,42.92,N,49.50,10,2.5,CENTRAL ITALY
536256,2016,10,10,10,50,37.5,E,19.82,N,43.27,2,2.5,SERBIA
536256,2016,10,10,10,50,37.5,E,19.82,N,43.27,2,2.5,SERBIA
536253,2016,10,10,10,29,20.7,E,27.41,N,36.80,4,2.5,DODECANESE IS.-TURKEY BORDER REG
536252,2016,10,10,10,28,09.0,E,32.27,N,37.46,21,1.9,CENTRAL TURKEY
536254,2016,10,10,09,52,24.9,E,33.33,N,38.31,5,2.3,CENTRAL TURKEY
536247,2016,10,10,09,27,59.8,E,27.39,N,36.80,7,2.4,DODECANESE IS.-TURKEY BORDER REG
536246,2016,10,10,09,22,01.1,E,28.18,N,37.22,5,2.0,WESTERN TURKEY
536248,2016,10,10,09,14,42.2,E,40.04,N,46.92,5,1.6,WESTERN TURKEY
536240,2016,10,10,08,54,14.6,E,33.63,N,35.33,5,1.9,CYPRUS REGION
536243,2016,10,10,08,53,01.0,E,29.28,N,40.48,10,1.8,WESTERN TURKEY
536264,2016,10,10,08,48,54.1,W,67.20,N,19.08,53,3.1,PUERTO RICO REGION
536238,2016,10,10,08,35,06.8,W,32.46,S,15.32,37,2.7,"OFFSHORE VALPARAISO, CHILE"
536233,2016,10,10,08,32,15.4,E,39.61,N,36.64,3,1.7,WESTERN TURKEY
536234,2016,10,10,08,13,02.2,E,28.86,N,36.76,8,1.8,DODECANESE IS.-TURKEY BORDER REG
536330,2016,10,10,07,48,26.0,W,61.15,N,52.30,0,2.2,"SOUTHERN YUKON TERRITORY, CANADA"
536223,2016,10,10,07,13,52.2,E,23.50,N,38.76,8,2.5,GREECE
536226,2016,10,10,07,01,48.8,E,27.81,N,38.78,4,1.8,WESTERN TURKEY
536226,2016,10,10,07,01,48.8,E,27.81,N,38.78,4,1.8,WESTERN TURKEY
536218,2016,10,10,06,56,01.2,W,30.31,N,47.53,65,2.6,"COQUIMBO, CHILE"
536219,2016,10,10,06,49,06.0,W,68.78,S,22.44,112,3.2,"ANTOFAGASTA, CHILE"
536230,2016,10,10,06,43,50.8,W,64.74,N,19.07,48,2.8,VIRGIN ISLANDS REGION
536220,2016,10,10,06,42,25.9,W,66.64,N,17.89,9,2.4,PUERTO RICO REGION
536214,2016,10,10,06,18,27.7,E,40.04,N,32.27,1,2.3,GREECE
536229,2016,10,10,06,10,38.9,W,65.37,N,17.99,17,2.5,PUERTO RICO REGION
536228,2016,10,10,05,59,23.1,W,65.37,N,18.00,14,2.6,PUERTO RICO REGION
536213,2016,10,10,05,51,34.2,E,28.97,N,40.61,5,1.9,WESTERN TURKEY
536391,2016,10,10,05,28,15.6,E,32.88,N,34.61,9,1.6,CYPRUS REGION
536211,2016,10,10,05,24,30.0,W,37.46,N,60.27,9,2.4,"SAN FRANCISCO BAY AREA, CALIF."
536202,2016,10,10,04,40,18.2,E,39.69,N,45.98,1,1.8,WESTERN TURKEY
536200,2016,10,10,04,31,09.3,E,23.04,N,36.24,18,2.8,WESTERN AUSTRALIA
536209,2016,10,10,04,29,04.0,E,27.01,N,40.30,5,1.7,WESTERN TURKEY
536206,2016,10,10,04,08,10.0,W,37.13,N,62.01,1,2.1,PORTUGAL
536196,2016,10,10,03,47,39.0,E,30.67,N,37.13,9,2.1,WESTERN AUSTRALIA
536569,2016,10,10,03,30,14.2,W,98.92,N,36.20,6,2.8,OKLAHOMA
536195,2016,10,10,03,18,38.4,E,29.81,N,38.77,3,2.9,WESTERN TURKEY
536190,2016,10,10,02,58,13.5,E,20.10,N,40.01,2,3.1,ALBANIA
536185,2016,10,10,02,47,19.0,W,68.79,S,21.15,112,3.0,"TARAPACA, CHILE"
536208,2016,10,10,02,43,04.6,E,29.62,N,36.23,5,1.9,WESTERN TURKEY
536180,2016,10,10,02,39,11.4,W,32.37,N,19.48,30,3.0,"OFFSHORE VALPARAISO, CHILE"
536184,2016,10,10,02,01,20.0,E,27.69,N,38.98,7,2.4,WESTERN TURKEY
536191,2016,10,10,01,58,06.2,E,70.94,N,36.62,208,4.4,"HINDU KUSH REGION, AFGHANISTAN"
536169,2016,10,10,01,54,58.0,W,71.57,S,30.09,20,3.4,"OFFSHORE COQUIMBO, CHILE"
536164,2016,10,10,01,23,44.0,W,70.05,S,21.43,44,2.5,"OFFSHORE ANTOFAGASTA, CHILE"
536170,2016,10,10,01,18,54.9,E,24.83,N,45.24,5,2.7,ROMANIA
536181,2016,10,10,00,52,02.2,E,39.74,N,39.94,21,2.0,EASTERN TURKEY
536179,2016,10,10,00,47,18.3,E,27.21,N,38.00,5,1.6,WESTERN TURKEY
536157,2016,10,10,00,36,41.6,W,52.98,N,35.83,17,3.8,"FOX ISLANDS, ALEUTIAN ISLANDS"
536222,2016,10,10,00,34,19.0,E,37.14,N,51.79,10,1.6,WESTERN TURKEY
536156,2016,10,10,00,05,45.0,E,39.96,N,59.12,5,2.9,EASTERN TURKEY
536176,2016,10,10,00,03,53.7,E,33.65,N,41.00,12,2.1,CENTRAL TURKEY
536231,2016,10,09,23,43,01.6,E,21.25,N,36.48,4,2.2,SOUTHERN GREECE
536172,2016,10,09,23,23,07.4,E,28.54,N,37.18,2,1.8,WESTERN TURKEY
536145,2016,10,09,23,03,36.7,W,61.02,N,15.92,26,3.6,"GUADELOUPE REGION, LEEWARD ISL."
536148,2016,10,09,23,03,00.0,E,40.10,N,36.03,6,2.0,WESTERN TURKEY
536143,2016,10,09,22,55,07.2,W,90.15,N,14.28,200,4.6,GUATEMALA
536151,2016,10,09,22,52,25.3,E,48.52,N,41.14,44,3.6,AZERBAIJAN
536141,2016,10,09,22,48,42.0,W,68.67,S,21.84,127,3.1,"ANTOFAGASTA, CHILE"
536139,2016,10,09,22,38,14.0,W,72.10,S,20.84,24,3.7,"OFF COAST OF TARAPACA, CHILE"
536136,2016,10,09,22,03,14.0,E,44.89,N,61.17,10,3.8,"CAUCASUS REGION, RUSSIA"
536133,2016,10,09,21,10,10.7,E,30.08,N,38.92,5,2.2,WESTERN TURKEY
536132,2016,10,09,21,00,42.8,E,22.10,N,41.85,2,2.4,FYR OF MACEDONIA
536129,2016,10,09,20,42,37.5,E,13.26,N,42.91,6,2.6,CENTRAL ITALY
536131,2016,10,09,20,36,09.0,W,69.47,S,23.97,81,3.1,"ANTOFAGASTA, CHILE"
536149,2016,10,09,20,23,14.1,W,64.07,N,18.59,31,2.8,VIRGIN ISLANDS REGION
536225,2016,10,09,20,15,48.6,E,22.17,N,39.23,85,2.1,GREECE
536126,2016,10,09,20,07,23.5,W,99.01,N,36.51,3,3.0,OKLAHOMA
536126,2016,10,09,20,07,23.5,W,99.01,N,36.51,3,3.0,OKLAHOMA
536127,2016,10,09,20,00,52.0,W,38.76,N,60.40,1,2.3,NORTHERN CALIFORNIA
536122,2016,10,09,19,47,23.6,E,35.01,N,38.50,2,3.2,"DODECANESE ISLANDS, GREECE"
536121,2016,10,09,19,35,53.0,E,32.76,N,73.18,50,2.2,CYPRUS REGION
536119,2016,10,09,19,32,28.5,W,36.50,N,47.46,3,2.6,OKLAHOMA
536116,2016,10,09,19,08,46.9,W,23.81,N,44.25,263,3.5,"ANTOFAGASTA, CHILE"
536224,2016,10,09,19,00,07.2,W,59.96,N,49.78,199,2.5,SOUTHERN ALASKA
536112,2016,10,09,18,51,59.0,W,18.83,N,44.30,2,3.2,VIRGIN ISLANDS REGION
536111,2016,10,09,18,33,37.0,E,37.73,N,61.03,2,2.2,SOUTHERN GREECE
536140,2016,10,09,18,07,55.8,W,96.76,N,36.03,3,2.0,OKLAHOMA
536109,2016,10,09,18,05,28.0,E,19.75,N,75.33,2,2.1,"KERKIRA REGION, GREECE"
536108,2016,10,09,17,13,33.0,E,33.66,N,65.31,15,2.2,NEAR COAST OF SOUTH AUSTRALIA
536107,2016,10,09,16,50,13.1,E,28.16,N,35.92,8,2.0,EASTERN MEDITERRANEAN SEA
536106,2016,10,09,16,48,14.6,W,19.76,S,22.91,96,3.2,"TARAPACA, CHILE"
536290,2016,10,09,16,37,59.1,W,96.90,N,36.42,6,2.0,OKLAHOMA
536217,2016,10,09,16,36,32.6,E,20.16,N,38.14,7,2.5,GREECE
536102,2016,10,09,15,58,31.0,E,38.18,N,76.53,16,2.0,GREECE
536099,2016,10,09,15,04,53.7,E,40.54,N,14.80,5,2.2,GREECE
536104,2016,10,09,14,37,32.9,W,99.04,N,36.51,5,2.5,OKLAHOMA
536096,2016,10,09,14,18,36.7,W,73.19,N,45.08,144,3.5,NORTHERN COLOMBIA
536093,2016,10,09,13,59,23.8,E,27.70,N,39.01,8,1.9,WESTERN TURKEY
536089,2016,10,09,13,44,28.6,E,36.72,N,19.46,64,1.9,DODECANESE IS.-TURKEY BORDER REG
536085,2016,10,09,13,15,54.2,E,27.70,N,38.85,1,2.0,WESTERN TURKEY
536084,2016,10,09,13,13,07.7,E,40.93,N,40.10,11,2.8,EASTERN TURKEY
536084,2016,10,09,13,13,07.7,E,40.93,N,40.10,11,2.8,EASTERN TURKEY
536083,2016,10,09,13,02,29.1,W,66.64,N,17.89,6,2.2,PUERTO RICO REGION
536086,2016,10,09,12,57,26.0,E,62.41,N,58.73,2,4.7,NORWEGIAN SEA
536355,2016,10,09,12,40,28.0,W,36.44,S,28.41,5,3.8,OKLAHOMA
536070,2016,10,09,12,04,12.2,E,20.22,N,38.23,2,3.9,GREECE
536071,2016,10,09,11,58,04.8,E,27.87,N,37.25,26,1.7,WESTERN TURKEY
536063,2016,10,09,11,27,10.3,E,32.16,N,39.41,10,1.7,CENTRAL TURKEY
536088,2016,10,09,11,04,29.4,W,66.73,N,18.93,37,2.7,PUERTO RICO REGION
536061,2016,10,09,11,02,13.5,E,28.74,N,36.52,20,2.0,DODECANESE IS.-TURKEY BORDER REG
536079,2016,10,09,11,01,21.7,W,64.24,N,18.71,61,2.2,VIRGIN ISLANDS REGION
536068,2016,10,09,10,59,52.9,E,91.17,N,49.86,10,3.9,WESTERN MONGOLIA
536075,2016,10,09,10,59,36.3,W,66.64,N,17.88,12,2.4,PUERTO RICO REGION
536064,2016,10,09,10,56,46.0,W,73.15,N,60.16,148,3.1,NORTHERN COLOMBIA
536059,2016,10,09,10,52,24.4,E,27.70,N,39.01,7,2.7,WESTERN TURKEY
536058,2016,10,09,10,51,14.8,E,27.71,N,39.01,7,2.6,WESTERN TURKEY
536055,2016,10,09,10,39,21.5,E,13.21,N,42.63,11,2.8,CENTRAL ITALY
536052,2016,10,09,10,17,50.0,W,69.13,S,20.72,110,2.9,"TARAPACA, CHILE"
536052,2016,10,09,10,17,50.0,W,69.13,S,20.72,110,2.9,"TARAPACA, CHILE"
536050,2016,10,09,10,05,57.9,E,33.82,N,36.51,12,1.6,CENTRAL TURKEY
536073,2016,10,09,09,29,40.8,W,67.01,N,17.84,6,2.0,PUERTO RICO REGION
536048,2016,10,09,09,19,43.0,W,69.24,S,20.16,94,3.3,"TARAPACA, CHILE"
536045,2016,10,09,09,06,44.4,E,27.86,N,37.17,5,1.8,WESTERN TURKEY
536043,2016,10,09,09,03,51.7,E,27.87,N,37.15,5,1.7,WESTERN TURKEY
536245,2016,10,09,08,51,17.3,E,32.08,N,34.79,17,1.7,CYPRUS REGION
536038,2016,10,09,08,29,53.7,E,15.42,N,45.79,1,1.5,CROATIA
536041,2016,10,09,08,29,17.0,E,37.85,N,58.15,5,2.5,WESTERN TURKEY
536090,2016,10,09,08,13,30.0,E,35.57,N,83.33,5,2.0,CENTRAL TURKEY
536065,2016,10,09,07,49,30.3,W,64.27,N,18.53,5,2.3,VIRGIN ISLANDS REGION
536033,2016,10,09,07,26,22.0,E,37.78,N,60.52,1,2.1,SOUTHERN GREECE
536062,2016,10,09,07,00,33.9,W,66.67,N,17.88,10,2.3,PUERTO RICO REGION
536103,2016,10,09,07,00,30.0,E,36.52,N,83.33,19,1.7,WESTERN TURKEY
536028,2016,10,09,06,33,14.1,E,85.74,N,42.85,1,4.1,"NORTHERN XINJIANG, CHINA"
536024,2016,10,09,06,27,51.9,E,28.14,N,37.20,5,1.6,WESTERN TURKEY
536024,2016,10,09,06,27,51.9,E,28.14,N,37.20,5,1.6,WESTERN TURKEY
536022,2016,10,09,06,21,01.0,E,27.73,N,39.00,8,4.0,WESTERN TURKEY
536016,2016,10,09,06,07,00.0,W,71.57,S,29.86,33,3.4,"OFFSHORE COQUIMBO, CHILE"
536015,2016,10,09,05,56,04.9,E,31.46,N,38.91,9,1.8,WESTERN TURKEY
536014,2016,10,09,05,47,07.0,W,69.64,S,25.59,89,3.3,"ANTOFAGASTA, CHILE"
536013,2016,10,09,05,04,41.5,W,73.16,N,19.31,147,3.6,NORTHERN COLOMBIA
536009,2016,10,09,04,42,42.3,E,13.20,N,42.74,10,3.7,CENTRAL ITALY
536001,2016,10,09,04,11,12.8,E,26.69,N,36.66,159,3.6,"DODECANESE ISLANDS, GREECE"
535995,2016,10,09,03,57,16.0,W,71.43,S,30.71,49,3.8,"COQUIMBO, CHILE"
535994,2016,10,09,03,54,38.9,E,23.30,N,35.33,26,3.2,"CRETE, GREECE"
536002,2016,10,09,03,49,19.0,E,45.17,N,59.72,8,2.8,CROATIA
535990,2016,10,09,03,32,01.0,W,96.88,N,36.07,5,2.5,OKLAHOMA
535987,2016,10,09,03,29,02.5,E,39.92,N,39.31,2,2.2,GREECE
535986,2016,10,09,03,13,36.9,E,37.08,N,37.54,10,2.2,CENTRAL TURKEY
536004,2016,10,09,03,09,43.0,W,65.43,N,65.44,3,3.3,NORTHERN ALASKA
536037,2016,10,09,02,51,07.7,E,19.78,N,40.77,4,2.3,ALBANIA
535982,2016,10,09,02,47,28.9,E,13.19,N,42.74,10,3.1,CENTRAL ITALY
535982,2016,10,09,02,47,28.9,E,13.19,N,42.74,10,3.1,CENTRAL ITALY
535983,2016,10,09,02,47,12.0,W,68.72,S,22.77,90,2.8,"ANTOFAGASTA, CHILE"
535980,2016,10,09,02,45,55.9,E,43.17,N,38.57,8,1.8,EASTERN TURKEY
535981,2016,10,09,02,45,53.3,E,13.19,N,42.75,10,2.6,CENTRAL ITALY
536011,2016,10,09,02,28,48.0,E,40.61,N,64.67,5,1.6,WESTERN TURKEY
535979,2016,10,09,02,26,29.7,E,29.70,N,36.29,5,1.5,WESTERN TURKEY
536046,2016,10,09,02,20,31.2,E,23.36,N,35.38,39,2.1,"CRETE, GREECE"
535976,2016,10,09,02,15,26.2,E,42.69,N,38.79,15,2.1,MONTENEGRO
535977,2016,10,09,02,04,43.0,E,29.66,N,39.16,5,2.0,WESTERN TURKEY
535978,2016,10,09,01,42,54.3,W,62.35,N,13.83,20,2.7,CENTRAL ALASKA
536006,2016,10,09,01,25,31.9,W,66.81,N,17.82,9,2.0,PUERTO RICO REGION
536040,2016,10,09,01,24,51.9,E,19.29,N,39.73,2,2.5,"KERKIRA REGION, GREECE"
535975,2016,10,09,01,20,50.0,W,65.44,N,63.24,0,2.0,NORTHERN ALASKA
535968,2016,10,09,01,09,09.0,E,35.37,N,39.98,6,2.0,CENTRAL TURKEY
535967,2016,10,09,01,07,20.6,E,28.99,N,40.57,2,1.5,WESTERN TURKEY
535966,2016,10,09,01,02,40.9,W,70.55,S,31.37,115,4.1,"SAN JUAN, ARGENTINA"
535964,2016,10,09,00,53,24.0,W,48.74,N,35.61,19,2.4,WASHINGTON
535963,2016,10,09,00,37,34.0,E,28.96,N,40.61,5,1.6,WESTERN TURKEY
535962,2016,10,09,00,35,38.7,E,28.96,N,40.61,5,1.5,WESTERN TURKEY
535960,2016,10,09,00,24,49.4,E,28.95,N,40.61,6,1.8,WESTERN TURKEY
535959,2016,10,09,00,18,58.0,E,40.58,N,35.47,3,1.5,WESTERN TURKEY
535957,2016,10,09,00,12,17.3,E,28.97,N,40.61,5,1.8,WESTERN TURKEY
536005,2016,10,09,00,11,49.5,W,66.54,N,19.15,9,3.0,PUERTO RICO REGION
535955,2016,10,08,23,59,04.3,E,28.95,N,40.61,5,1.9,WESTERN TURKEY
535953,2016,10,08,23,57,09.1,E,13.12,N,42.76,10,2.8,CENTRAL ITALY
535952,2016,10,08,23,54,31.0,E,31.66,N,40.14,2,2.1,WESTERN TURKEY
535949,2016,10,08,23,44,17.2,E,28.97,N,40.61,5,1.7,WESTERN TURKEY
535950,2016,10,08,23,41,08.0,W,70.51,S,31.41,98,3.2,"SAN JUAN, ARGENTINA"
535948,2016,10,08,23,40,38.7,W,97.52,N,36.28,2,2.9,OKLAHOMA
535943,2016,10,08,23,31,57.1,E,28.97,N,40.60,4,1.7,WESTERN TURKEY
535992,2016,10,08,23,19,41.6,W,66.65,N,17.88,7,2.3,PUERTO RICO REGION
535991,2016,10,08,23,17,02.9,W,66.64,N,17.90,18,2.2,PUERTO RICO REGION
535940,2016,10,08,23,16,38.2,E,28.95,N,40.61,6,2.9,WESTERN TURKEY
535946,2016,10,08,23,13,42.1,E,28.97,N,40.61,4,1.7,WESTERN TURKEY
535945,2016,10,08,23,10,15.6,E,28.95,N,40.61,5,1.7,WESTERN TURKEY
535945,2016,10,08,23,10,15.6,E,28.95,N,40.61,5,1.7,WESTERN TURKEY
535944,2016,10,08,23,09,03.7,E,28.95,N,40.61,5,1.6,WESTERN TURKEY
535956,2016,10,08,23,07,27.5,E,60.97,S,29.20,2,4.6,SOUTHWEST INDIAN RIDGE
535936,2016,10,08,23,06,53.0,E,28.95,N,40.61,6,2.7,WESTERN TURKEY
535935,2016,10,08,23,02,46.7,E,28.95,N,40.62,6,3.6,WESTERN TURKEY
535925,2016,10,08,22,43,49.2,W,62.33,N,34.01,4,3.4,CENTRAL ALASKA
535927,2016,10,08,22,38,39.0,W,68.85,S,20.70,105,3.1,"TARAPACA, CHILE"
535942,2016,10,08,22,32,02.0,W,14.92,N,59.22,10,5.0,SAMOA ISLANDS REGION
536032,2016,10,08,22,20,55.1,E,20.38,N,37.80,5,2.3,IONIAN SEA
535926,2016,10,08,22,17,25.0,W,51.82,N,62.27,12,2.0,"ANDREANOF ISLANDS, ALEUTIAN IS."
535923,2016,10,08,21,48,47.6,E,28.97,N,40.61,6,1.9,WESTERN TURKEY
535924,2016,10,08,21,45,57.1,E,28.96,N,40.55,2,1.6,WESTERN TURKEY
535922,2016,10,08,21,43,23.0,W,71.37,S,19.36,28,3.2,"OFF COAST OF TARAPACA, CHILE"
535921,2016,10,08,21,37,20.3,E,40.61,N,43.80,6,3.3,WESTERN TURKEY
537013,2016,10,08,21,19,57.0,E,43.76,N,51.49,2,2.6,LIGURIAN SEA
535965,2016,10,08,21,14,19.2,E,40.88,N,49.42,14,1.9,WESTERN TURKEY
535912,2016,10,08,21,11,26.9,W,37.45,N,34.74,7,2.6,CENTRAL CALIFORNIA
535920,2016,10,08,20,51,57.1,E,37.57,N,47.96,12,2.0,SOUTHERN GREECE
535909,2016,10,08,20,17,29.9,E,29.21,N,37.85,16,2.2,WESTERN TURKEY
535902,2016,10,08,19,50,05.3,E,21.36,N,37.81,11,2.5,SOUTHERN GREECE
535897,2016,10,08,19,41,17.2,E,37.87,S,37.18,7,2.8,WESTERN TURKEY
535892,2016,10,08,19,13,50.0,W,71.17,S,35.68,108,3.6,"MAULE, CHILE"
535904,2016,10,08,19,12,53.0,E,37.86,N,61.27,12,3.1,SOUTHERN GREECE
535890,2016,10,08,19,03,01.2,E,42.75,N,32.24,11,2.6,CENTRAL ITALY
535888,2016,10,08,18,39,24.7,E,34.60,N,37.19,10,2.7,CENTRAL TURKEY
535907,2016,10,08,18,36,27.9,E,42.74,N,42.83,10,2.5,CENTRAL ITALY
535896,2016,10,08,18,28,27.7,E,41.11,N,26.69,3,2.4,ALBANIA
535910,2016,10,08,18,15,53.2,E,12.47,S,52.86,10,4.7,SOUTHWEST OF AFRICA
535910,2016,10,08,18,15,53.2,E,12.47,S,52.86,10,4.7,SOUTHWEST OF AFRICA
535881,2016,10,08,18,12,35.2,E,21.86,N,38.49,13,2.1,GREECE
535879,2016,10,08,18,11,09.6,E,13.19,N,42.74,11,3.9,CENTRAL ITALY
535880,2016,10,08,18,10,11.4,W,61.55,N,19.98,34,2.0,SOUTHERN ALASKA
535872,2016,10,08,17,33,23.0,W,70.38,S,21.58,16,2.4,"OFFSHORE ANTOFAGASTA, CHILE"
535870,2016,10,08,17,27,19.4,W,72.25,S,29.53,2,4.2,"OFFSHORE COQUIMBO, CHILE"
535871,2016,10,08,17,20,45.0,W,70.70,S,32.05,106,2.9,"COQUIMBO, CHILE"
535865,2016,10,08,17,11,19.8,E,38.68,N,32.67,5,2.5,CENTRAL TURKEY
535858,2016,10,08,16,47,23.8,W,58.58,N,33.05,5,2.0,SOUTHEASTERN ALASKA
535867,2016,10,08,16,23,26.1,W,96.90,N,36.41,6,2.2,OKLAHOMA
536030,2016,10,08,16,22,38.5,E,22.29,N,36.07,11,2.3,SOUTHERN GREECE
536314,2016,10,08,16,14,20.3,W,18.24,N,40.74,16,2.3,"MONA PASSAGE, PUERTO RICO"
535851,2016,10,08,15,48,18.3,E,39.49,N,40.75,25,2.3,EASTERN TURKEY
535852,2016,10,08,15,46,05.4,W,17.41,N,44.00,184,4.4,"VERACRUZ, MEXICO"
536303,2016,10,08,15,21,48.2,E,37.74,N,44.75,3,2.0,WESTERN TURKEY
535850,2016,10,08,14,57,58.2,W,68.69,S,24.51,133,3.8,"ANTOFAGASTA, CHILE"
535847,2016,10,08,14,53,14.0,E,38.20,N,38.18,7,2.2,EASTERN TURKEY
535866,2016,10,08,14,51,59.2,W,65.16,N,18.81,39,2.0,PUERTO RICO REGION
535846,2016,10,08,14,43,12.4,E,23.00,N,37.66,15,2.5,SOUTHERN GREECE
535848,2016,10,08,14,39,53.1,E,20.36,N,38.14,17,2.7,GREECE
535843,2016,10,08,14,09,32.2,E,36.76,N,39.28,66,2.1,DODECANESE IS.-TURKEY BORDER REG
535841,2016,10,08,14,01,25.2,W,37.72,N,36.24,10,2.4,OFFSHORE NORTHERN CALIFORNIA
535835,2016,10,08,13,06,16.7,E,24.41,N,38.58,14,2.2,AEGEAN SEA
535842,2016,10,08,13,04,14.0,E,23.74,N,34.70,20,2.1,"CRETE, GREECE"
535832,2016,10,08,13,02,52.2,E,39.98,N,38.81,12,2.1,GREECE
535864,2016,10,08,12,54,34.6,W,65.67,N,18.87,31,2.8,PUERTO RICO REGION
535839,2016,10,08,12,51,08.2,E,20.53,N,38.09,14,2.7,GREECE
535863,2016,10,08,12,41,09.0,W,66.62,N,17.85,11,2.5,PUERTO RICO REGION
535829,2016,10,08,12,40,58.9,E,13.19,N,42.75,11,3.2,CENTRAL ITALY
535831,2016,10,08,12,33,58.9,E,34.52,N,36.72,17,1.5,CENTRAL TURKEY
535827,2016,10,08,12,22,06.0,E,13.20,N,42.74,9,1.7,CENTRAL ITALY
535827,2016,10,08,12,22,06.0,E,13.20,N,42.74,9,1.7,CENTRAL ITALY
535826,2016,10,08,12,19,03.2,E,13.18,N,42.75,9,3.6,CENTRAL ITALY
535817,2016,10,08,12,08,08.3,W,96.93,N,36.39,8,2.9,OKLAHOMA
535845,2016,10,08,12,05,44.1,E,42.63,N,44.38,12,2.7,CENTRAL ITALY
535830,2016,10,08,11,40,33.7,E,21.34,N,37.82,1,2.0,SOUTHERN GREECE
535812,2016,10,08,11,10,29.9,W,98.71,N,36.43,5,3.1,OKLAHOMA
535809,2016,10,08,10,53,16.6,W,83.22,N,19.34,15,4.0,OFF COAST OF COSTA RICA
535813,2016,10,08,10,38,00.0,W,59.79,N,36.36,136,2.0,SOUTHERN ALASKA
535836,2016,10,08,10,10,39.6,W,66.62,N,17.86,15,2.3,PUERTO RICO REGION
535806,2016,10,08,09,58,43.9,E,31.59,N,40.13,5,2.2,WESTERN TURKEY
535807,2016,10,08,09,54,10.6,E,27.09,N,36.05,10,2.2,DODECANESE IS.-TURKEY BORDER REG
535804,2016,10,08,09,50,05.0,W,70.46,S,73.15,106,3.7,"ATACAMA, CHILE"
535838,2016,10,08,09,37,31.0,W,64.50,N,19.05,37,2.2,VIRGIN ISLANDS REGION
535803,2016,10,08,09,29,52.7,E,44.12,N,38.69,5,2.4,TURKEY-IRAN BORDER REGION
535802,2016,10,08,09,27,19.6,W,65.02,N,18.58,27,2.9,VIRGIN ISLANDS REGION
535800,2016,10,08,09,24,19.0,W,18.57,N,19.21,29,2.0,VIRGIN ISLANDS REGION
535837,2016,10,08,09,23,49.9,W,65.02,N,18.57,29,2.0,VIRGIN ISLANDS REGION
535833,2016,10,08,09,07,20.1,W,67.69,N,19.08,28,3.0,PUERTO RICO REGION
535796,2016,10,08,08,19,37.0,E,13.20,N,78.64,10,3.2,CENTRAL ITALY
535816,2016,10,08,08,09,07.8,W,66.96,N,17.89,11,2.3,PUERTO RICO REGION
536799,2016,10,08,07,55,04.6,W,25.37,N,48.36,144,4.5,"ANTOFAGASTA, CHILE"
535795,2016,10,08,07,43,10.0,W,53.36,N,61.76,13,2.1,"FOX ISLANDS, ALEUTIAN ISLANDS"
535790,2016,10,08,07,32,53.6,W,38.76,N,13.63,25,2.2,NORTHERN CALIFORNIA
535787,2016,10,08,06,35,30.0,E,39.18,N,63.21,7,2.6,WESTERN TURKEY
535799,2016,10,08,06,15,08.1,E,46.15,N,42.07,10,3.5,"CAUCASUS REGION, RUSSIA"
536203,2016,10,08,06,12,38.4,E,25.70,S,13.99,10,3.0,ZAMBIA
535778,2016,10,08,06,06,26.5,E,27.90,N,33.24,25,4.0,SOUTHERN IRAN
537012,2016,10,08,05,03,14.0,E,39.99,N,53.33,8,2.1,WESTERN TURKEY
537016,2016,10,08,04,47,19.0,E,39.34,N,67.14,5,2.3,EASTERN TURKEY
535774,2016,10,08,04,43,58.3,E,40.30,N,39.34,5,2.3,EASTERN TURKEY
535776,2016,10,08,04,43,46.7,W,71.17,S,29.40,53,4.3,"COQUIMBO, CHILE"
535772,2016,10,08,04,40,56.9,E,29.43,N,39.21,5,2.1,WESTERN TURKEY
535773,2016,10,08,04,37,40.8,W,20.37,S,36.11,10,4.9,NORTH ATLANTIC OCEAN
535769,2016,10,08,04,22,40.7,E,27.73,N,38.89,6,2.3,WESTERN TURKEY
535767,2016,10,08,04,00,51.5,E,40.55,N,39.23,4,2.2,EASTERN TURKEY
535766,2016,10,08,03,53,21.0,W,69.63,S,18.69,111,2.9,"TARAPACA, CHILE"
535765,2016,10,08,03,41,07.0,W,69.26,S,18.36,120,3.1,"TARAPACA, CHILE"
535762,2016,10,08,03,26,59.1,W,34.69,N,34.69,3,3.4,CENTRAL CALIFORNIA
535768,2016,10,08,03,19,43.0,W,73.18,N,63.25,143,2.3,NORTHERN COLOMBIA
535757,2016,10,08,02,46,40.9,E,34.82,N,40.51,6,2.3,CENTRAL TURKEY
535758,2016,10,08,02,46,15.6,E,27.64,N,38.57,7,2.2,WESTERN TURKEY
535764,2016,10,08,02,40,43.2,W,66.65,N,17.88,6,2.6,PUERTO RICO REGION
535756,2016,10,08,02,36,56.0,W,71.75,S,31.20,32,3.0,"OFFSHORE COQUIMBO, CHILE"
535755,2016,10,08,02,31,59.6,W,65.41,N,46.40,9,3.3,"NEAR S COAST OF CHUKOTKA, RUSSIA"
535744,2016,10,08,02,09,43.4,E,78.01,N,44.51,23,2.5,SVALBARD REGION
536117,2016,10,08,01,48,13.7,E,24.83,N,78.01,23,2.5,SVALBARD REGION
535743,2016,10,08,01,38,59.6,E,22.74,N,38.14,9,2.4,GREECE
535742,2016,10,08,01,35,26.7,E,38.82,N,34.70,1,1.9,EASTERN TURKEY
537010,2016,10,08,01,13,16.0,W,28.04,N,53.55,105,4.0,"LA RIOJA, ARGENTINA"
535728,2016,10,08,00,44,10.0,E,40.96,S,32.47,7,4.1,GREECE
535727,2016,10,08,00,30,31.3,E,20.39,N,38.32,11,2.5,GREECE
535725,2016,10,08,00,21,27.6,W,30.96,N,20.02,67,4.6,"COQUIMBO, CHILE"
535719,2016,10,07,23,32,42.8,E,70.32,N,36.53,209,4.4,"HINDU KUSH REGION, AFGHANISTAN"
535717,2016,10,07,23,31,54.5,W,18.87,N,33.26,8,3.0,VIRGIN ISLANDS REGION
535777,2016,10,07,23,23,03.3,E,46.00,N,42.14,2,3.2,"CAUCASUS REGION, RUSSIA"
535712,2016,10,07,23,21,56.8,W,17.87,N,37.54,5,2.5,PUERTO RICO REGION
536712,2016,10,07,23,05,20.0,W,55.52,N,64.10,7,2.7,OFF COAST OF SOUTHEASTERN ALASKA
535708,2016,10,07,22,01,04.0,E,26.84,N,37.48,6,2.3,"DODECANESE ISLANDS, GREECE"
535705,2016,10,07,21,54,18.5,E,27.51,N,40.81,4,1.8,WESTERN TURKEY
535705,2016,10,07,21,54,18.5,E,27.51,N,40.81,4,1.8,WESTERN TURKEY
535706,2016,10,07,21,53,35.4,W,35.75,N,44.65,4,2.2,OKLAHOMA
535707,2016,10,07,21,34,22.0,E,40.06,N,60.96,7,2.3,EASTERN TURKEY
535694,2016,10,07,20,42,40.0,W,75.30,N,36.75,0,4.2,COLOMBIA
535698,2016,10,07,20,20,20.8,W,97.62,N,36.82,5,2.9,OKLAHOMA
535697,2016,10,07,20,02,28.1,E,26.96,N,36.84,130,2.1,"DODECANESE ISLANDS, GREECE"
535692,2016,10,07,19,53,28.3,W,34.41,N,36.56,11,2.0,SOUTHERN CALIFORNIA
535691,2016,10,07,19,28,35.1,E,94.25,N,22.87,10,4.5,MYANMAR
535684,2016,10,07,19,28,18.0,W,71.71,S,34.98,58,2.5,"MAULE, CHILE"
535685,2016,10,07,19,27,53.0,W,68.53,S,21.31,116,3.8,"ANTOFAGASTA, CHILE"
535686,2016,10,07,19,14,18.0,W,64.99,N,73.17,6,2.1,VIRGIN ISLANDS REGION
535682,2016,10,07,18,54,00.3,E,13.13,N,42.78,10,2.7,CENTRAL ITALY
535679,2016,10,07,18,35,22.3,E,27.87,N,38.97,13,2.3,WESTERN TURKEY
535702,2016,10,07,18,30,28.4,W,64.95,N,19.00,36,2.4,VIRGIN ISLANDS REGION
535678,2016,10,07,18,23,24.0,W,37.87,N,60.61,9,2.2,UTAH
536288,2016,10,07,18,18,08.1,W,65.39,N,37.87,0,2.0,NORTHERN ALASKA
535720,2016,10,07,17,55,14.0,E,38.55,S,33.64,6,2.2,NEAR THE COAST OF WESTERN TURKEY
535676,2016,10,07,17,40,20.8,E,87.56,N,50.29,2,4.2,"SOUTHWESTERN SIBERIA, RUSSIA"
535674,2016,10,07,17,06,00.2,E,31.88,N,35.95,31,2.0,CYPRUS REGION
535669,2016,10,07,16,38,20.0,W,18.08,N,73.19,3,2.3,PUERTO RICO
535667,2016,10,07,16,20,03.2,E,37.20,N,39.42,2,3.0,CENTRAL TURKEY
535665,2016,10,07,16,17,30.9,W,22.12,N,56.59,35,2.5,"OFFSHORE ANTOFAGASTA, CHILE"
535680,2016,10,07,15,28,05.2,E,30.01,N,95.69,5,2.5,EASTERN MEDITERRANEAN SEA
535660,2016,10,07,15,16,15.1,E,29.80,N,35.84,8,2.1,EASTERN MEDITERRANEAN SEA
535703,2016,10,07,15,14,12.0,W,93.87,N,14.33,10,4.6,"OFF COAST OF CHIAPAS, MEXICO"
535659,2016,10,07,14,24,46.1,E,24.07,N,38.52,12,2.3,AEGEAN SEA
535655,2016,10,07,14,04,33.3,E,24.07,N,38.52,16,2.6,AEGEAN SEA
536150,2016,10,07,14,03,28.0,E,45.60,S,32.93,138,2.9,ROMANIA
535658,2016,10,07,14,02,28.3,E,26.63,N,45.60,138,2.9,ROMANIA
535673,2016,10,07,13,59,33.2,W,66.06,N,18.09,4,2.2,PUERTO RICO
535653,2016,10,07,13,52,47.9,E,34.34,N,36.46,16,1.7,CENTRAL TURKEY
535650,2016,10,07,13,46,18.7,W,18.24,N,33.03,154,3.5,"MONA PASSAGE, DOMINICAN REPUBLIC"
535657,2016,10,07,13,16,18.6,E,26.43,N,45.52,131,2.8,ROMANIA
535663,2016,10,07,12,38,29.4,E,40.44,N,47.64,12,2.4,EASTERN TURKEY
535642,2016,10,07,12,18,30.0,E,29.88,S,56.69,13,4.2,SOUTHEASTERN IRAN
535641,2016,10,07,11,52,49.0,W,32.65,N,59.86,25,3.1,"OFFSHORE VALPARAISO, CHILE"
535636,2016,10,07,11,20,39.1,E,49.82,N,33.05,21,1.9,GERMANY
535635,2016,10,07,11,12,46.0,W,74.05,N,80.26,30,3.1,COLOMBIA
535632,2016,10,07,10,48,49.5,E,29.70,N,35.68,3,2.1,EASTERN MEDITERRANEAN SEA
535631,2016,10,07,10,34,46.1,E,39.63,N,37.67,2,3.0,AEGEAN SEA
535626,2016,10,07,10,11,35.2,W,33.10,N,19.84,57,3.6,"VALPARAISO, CHILE"
535628,2016,10,07,10,00,25.0,W,71.22,S,33.10,57,3.6,"VALPARAISO, CHILE"
535625,2016,10,07,09,48,51.3,E,11.02,N,47.60,2,2.6,AUSTRIA REGION
535617,2016,10,07,09,25,46.1,E,18.30,N,45.19,6,4.1,CROATIA
535622,2016,10,07,09,17,43.3,W,67.76,N,18.21,7,2.9,"MONA PASSAGE, PUERTO RICO"
535722,2016,10,07,09,05,12.0,W,19.80,N,19.41,105,3.0,"TARAPACA, CHILE"
535611,2016,10,07,08,42,07.5,E,38.80,N,19.41,10,2.1,NEAR THE COAST OF WESTERN TURKEY
535610,2016,10,07,08,08,36.3,E,27.75,N,38.99,13,2.9,WESTERN TURKEY
535605,2016,10,07,08,06,49.2,E,33.39,N,36.22,5,2.2,CENTRAL TURKEY
535606,2016,10,07,08,03,17.3,E,29.73,N,35.68,14,2.1,EASTERN MEDITERRANEAN SEA
535607,2016,10,07,07,50,41.0,E,42.90,N,58.81,8,3.3,CENTRAL ITALY
535597,2016,10,07,07,39,25.0,E,27.62,N,38.58,5,2.2,WESTERN TURKEY
535690,2016,10,07,07,37,30.0,E,27.61,N,84.08,5,2.5,WESTERN TURKEY
535594,2016,10,07,07,27,07.6,E,38.60,N,46.52,5,2.5,WESTERN TURKEY
535601,2016,10,07,07,13,29.1,E,25.28,N,34.67,15,2.1,"CRETE, GREECE"
535587,2016,10,07,07,08,23.2,W,52.36,N,19.85,28,3.3,"FOX ISLANDS, ALEUTIAN ISLANDS"
535588,2016,10,07,06,55,00.0,W,72.05,S,30.48,29,2.5,"OFFSHORE COQUIMBO, CHILE"
535614,2016,10,07,06,25,35.5,W,64.43,N,19.69,45,3.4,VIRGIN ISLANDS REGION
536709,2016,10,07,06,19,55.0,W,41.01,N,54.62,14,2.3,NORTHERN CALIFORNIA
535582,2016,10,07,04,52,30.0,E,86.13,N,27.65,10,4.2,NEPAL
535579,2016,10,07,04,51,08.2,W,63.45,N,32.29,125,2.7,CENTRAL ALASKA
535578,2016,10,07,04,34,42.1,E,13.13,N,42.78,10,2.8,CENTRAL ITALY
535624,2016,10,07,03,43,03.6,E,10.67,N,47.48,5,2.1,AUSTRIA
535572,2016,10,07,03,26,12.2,E,23.32,N,35.37,30,3.5,"CRETE, GREECE"
535589,2016,10,07,03,15,29.1,W,87.33,N,11.65,45,4.3,NEAR COAST OF NICARAGUA
535580,2016,10,07,03,15,12.8,E,40.21,N,39.20,4,2.0,EASTERN TURKEY
535613,2016,10,07,03,14,08.3,W,64.84,N,19.37,40,3.1,VIRGIN ISLANDS REGION
535553,2016,10,07,02,31,49.4,E,27.72,N,38.90,7,2.5,WESTERN TURKEY
535554,2016,10,07,02,30,55.0,W,26.03,N,38.27,1,2.0,"AZORES ISLANDS, PORTUGAL"
535574,2016,10,07,02,10,12.0,E,30.57,S,32.39,2,3.1,"NEW SOUTH WALES, AUSTRALIA"
535664,2016,10,07,01,35,30.5,W,30.58,N,31.58,77,4.1,"COQUIMBO, CHILE"
535546,2016,10,07,01,27,52.0,W,70.91,S,30.58,77,4.1,"COQUIMBO, CHILE"
535547,2016,10,07,00,58,19.0,E,27.73,N,38.99,6,2.4,WESTERN TURKEY
535544,2016,10,07,00,54,59.0,W,89.58,N,36.52,6,2.4,SOUTHEASTERN MISSOURI
535541,2016,10,07,00,14,21.2,W,18.82,N,42.04,6,2.5,VIRGIN ISLANDS REGION
535573,2016,10,06,23,21,15.5,W,64.26,N,18.86,31,2.6,VIRGIN ISLANDS REGION
535536,2016,10,06,23,16,19.3,W,97.54,N,36.81,3,2.5,OKLAHOMA
535535,2016,10,06,23,15,04.7,E,69.93,N,36.13,107,4.5,"HINDU KUSH REGION, AFGHANISTAN"
535651,2016,10,06,23,06,22.0,E,21.48,N,42.02,1,1.6,KOSOVO-SERBIA-FYROM BORDER REG.
535529,2016,10,06,22,59,03.6,W,62.33,N,40.59,4,2.1,CENTRAL ALASKA
535584,2016,10,06,22,22,42.7,E,20.31,N,41.23,6,2.5,ALBANIA
535524,2016,10,06,22,12,02.6,W,66.82,S,23.94,191,4.4,"JUJUY, ARGENTINA"
535527,2016,10,06,22,10,53.0,E,51.44,N,60.80,1,2.9,POLAND
535523,2016,10,06,21,56,23.2,E,28.40,N,39.27,4,2.3,WESTERN TURKEY
535525,2016,10,06,21,47,24.0,W,52.03,N,59.48,70,3.2,"ANDREANOF ISLANDS, ALEUTIAN IS."
535520,2016,10,06,21,29,56.4,E,13.36,N,42.62,18,2.8,CENTRAL ITALY
535521,2016,10,06,21,28,18.1,E,33.48,N,36.03,12,2.6,CENTRAL TURKEY
535521,2016,10,06,21,28,18.1,E,33.48,N,36.03,12,2.6,CENTRAL TURKEY
535526,2016,10,06,20,57,09.4,W,33.76,N,33.75,14,2.9,"GREATER LOS ANGELES AREA, CALIF."
535515,2016,10,06,20,42,19.0,W,24.19,N,64.00,217,3.8,"SALTA, ARGENTINA"
535517,2016,10,06,20,16,34.3,W,59.96,N,37.55,137,2.4,SOUTHERN ALASKA
535505,2016,10,06,20,01,55.0,E,27.82,N,36.94,10,2.1,DODECANESE IS.-TURKEY BORDER REG
535503,2016,10,06,19,54,03.4,W,18.30,N,38.80,66,3.1,"MONA PASSAGE, DOMINICAN REPUBLIC"
535504,2016,10,06,19,47,06.0,E,36.63,N,40.56,5,2.2,CENTRAL TURKEY
535499,2016,10,06,19,09,52.6,W,36.08,N,12.17,5,2.8,OKLAHOMA
535500,2016,10,06,18,59,22.0,E,33.03,N,40.68,9,2.2,CENTRAL TURKEY
535513,2016,10,06,18,33,00.5,E,20.19,N,40.53,2,2.4,ALBANIA
535497,2016,10,06,18,30,57.7,E,21.33,N,36.44,19,2.4,SOUTHERN GREECE
535496,2016,10,06,18,19,33.0,E,40.53,N,43.99,15,2.3,ALBANIA
535494,2016,10,06,18,09,51.0,W,71.59,S,31.93,44,3.0,"OFFSHORE COQUIMBO, CHILE"
535495,2016,10,06,17,56,09.6,E,13.25,N,42.89,8,2.6,CENTRAL ITALY
535495,2016,10,06,17,56,09.6,E,13.25,N,42.89,8,2.6,CENTRAL ITALY
535493,2016,10,06,17,54,14.8,E,13.25,N,42.89,10,3.0,CENTRAL ITALY
535491,2016,10,06,17,39,35.1,E,35.98,N,37.56,9,2.0,CENTRAL TURKEY
535528,2016,10,06,17,37,51.1,E,37.58,N,31.50,5,2.3,SOUTHERN GREECE
535484,2016,10,06,17,20,18.8,E,37.58,N,37.91,5,2.3,SOUTHERN GREECE
535480,2016,10,06,16,50,00.0,W,68.94,S,21.05,110,2.9,"TARAPACA, CHILE"
535483,2016,10,06,16,20,09.9,E,23.74,N,39.25,12,2.2,AEGEAN SEA
535479,2016,10,06,16,09,44.0,E,13.14,N,42.88,9,3.0,CENTRAL ITALY
535475,2016,10,06,15,51,59.9,E,44.58,N,22.59,2,2.8,BOSNIA AND HERZEGOVINA
535469,2016,10,06,15,06,27.6,W,40.71,N,36.06,22,2.0,NORTHERN CALIFORNIA
537048,2016,10,06,14,18,53.0,E,39.00,N,51.46,13,2.0,CENTRAL TURKEY
535464,2016,10,06,13,39,11.4,W,52.63,N,36.19,30,2.7,"FOX ISLANDS, ALEUTIAN ISLANDS"
535462,2016,10,06,13,23,54.8,W,33.71,N,33.71,15,2.5,SOUTHERN CALIFORNIA
535482,2016,10,06,12,40,09.1,E,21.83,N,38.43,12,2.1,GREECE
535482,2016,10,06,12,40,09.1,E,21.83,N,38.43,12,2.1,GREECE
535458,2016,10,06,12,28,47.0,W,73.16,N,59.42,150,2.5,NORTHERN COLOMBIA
535452,2016,10,06,12,01,55.8,E,42.77,N,40.44,10,2.5,CENTRAL ITALY
535537,2016,10,06,11,38,17.8,E,20.44,N,73.30,13,2.0,GREECE
535449,2016,10,06,10,53,18.7,W,97.55,N,36.81,5,3.4,OKLAHOMA
535448,2016,10,06,10,41,22.1,E,16.02,N,39.63,38,2.7,SOUTHERN ITALY
535447,2016,10,06,10,23,00.2,E,37.21,N,30.49,10,2.3,WESTERN TURKEY
535444,2016,10,06,09,56,54.0,E,29.20,N,61.97,10,4.9,SOUTHWEST INDIAN RIDGE
535440,2016,10,06,09,32,20.3,E,27.88,N,38.87,5,2.5,WESTERN TURKEY
535437,2016,10,06,09,21,41.7,E,28.13,N,37.21,5,2.2,WESTERN TURKEY
535436,2016,10,06,09,20,58.3,E,34.28,N,37.13,8,2.2,CENTRAL TURKEY
535431,2016,10,06,08,58,19.5,E,29.51,N,39.59,4,2.0,WESTERN TURKEY
537046,2016,10,06,08,52,39.0,W,31.60,N,55.88,25,2.6,"OFFSHORE COQUIMBO, CHILE"
535426,2016,10,06,08,23,14.0,W,97.29,N,35.69,4,2.6,OKLAHOMA
535426,2016,10,06,08,23,14.0,W,97.29,N,35.69,4,2.6,OKLAHOMA
535455,2016,10,06,08,06,46.9,W,64.26,N,18.74,34,2.4,VIRGIN ISLANDS REGION
535425,2016,10,06,08,01,17.2,W,66.07,N,18.07,7,3.0,PUERTO RICO
535424,2016,10,06,07,58,36.1,E,31.07,N,40.44,2,2.4,WESTERN TURKEY
535427,2016,10,06,07,54,38.9,W,66.08,N,18.09,6,3.0,PUERTO RICO
535423,2016,10,06,07,50,41.9,W,66.07,N,18.08,4,2.5,PUERTO RICO
535422,2016,10,06,07,49,12.0,W,68.64,S,21.18,111,3.0,"ANTOFAGASTA, CHILE"
535514,2016,10,06,07,45,14.5,W,28.78,N,46.31,612,4.3,"SANTIAGO DEL ESTERO, ARGENTINA"
535435,2016,10,06,07,18,24.6,E,20.38,N,37.46,14,2.5,IONIAN SEA
537049,2016,10,06,07,16,05.0,E,40.06,N,54.57,5,3.0,AEGEAN SEA
535418,2016,10,06,07,01,45.0,W,64.73,S,28.34,30,4.5,"SANTIAGO DEL ESTERO, ARGENTINA"
535412,2016,10,06,06,38,52.6,E,29.13,N,40.69,11,2.2,WESTERN TURKEY
535416,2016,10,06,06,36,43.0,W,98.75,N,36.45,5,2.6,OKLAHOMA
535415,2016,10,06,06,32,24.6,E,31.37,N,35.09,10,2.2,CYPRUS REGION
535414,2016,10,06,06,09,42.7,W,47.19,N,46.22,41,2.6,"OLYMPIC PENINSULA, WASHINGTON"
535407,2016,10,06,06,02,04.9,E,39.38,N,39.72,19,2.3,EASTERN TURKEY
535406,2016,10,06,05,34,18.3,E,13.22,N,42.79,10,3.2,CENTRAL ITALY
535406,2016,10,06,05,34,18.3,E,13.22,N,42.79,10,3.2,CENTRAL ITALY
535402,2016,10,06,05,06,44.0,W,96.94,N,76.53,8,2.5,OKLAHOMA
535403,2016,10,06,04,43,13.0,W,58.12,N,62.13,62,2.8,GULF OF ALASKA
535399,2016,10,06,04,19,27.2,E,77.85,N,47.07,0,2.0,SVALBARD REGION
535408,2016,10,06,03,46,10.9,E,19.70,N,40.62,13,2.5,ALBANIA
535397,2016,10,06,03,34,53.4,E,39.00,N,38.10,10,2.0,EASTERN TURKEY
537050,2016,10,06,03,23,17.0,W,61.33,N,53.07,2,2.1,"SOUTHERN YUKON TERRITORY, CANADA"
537041,2016,10,06,02,41,04.0,W,18.09,N,51.52,4,3.0,PUERTO RICO
535377,2016,10,06,01,25,27.6,E,16.10,N,51.31,1,2.7,POLAND
535376,2016,10,06,01,24,09.3,W,19.41,N,36.19,1,2.4,"ISLAND OF HAWAII, HAWAII"
535394,2016,10,06,01,12,42.9,E,26.69,N,38.65,15,2.7,NEAR THE COAST OF WESTERN TURKEY
535375,2016,10,06,01,11,28.0,W,69.25,S,19.47,103,3.2,"TARAPACA, CHILE"
535371,2016,10,06,00,57,17.0,W,68.93,S,20.91,104,2.8,"ANTOFAGASTA, CHILE"
535370,2016,10,06,00,52,55.8,W,69.28,N,19.35,10,4.2,DOMINICAN REPUBLIC REGION
535370,2016,10,06,00,52,55.8,W,69.28,N,19.35,10,4.2,DOMINICAN REPUBLIC REGION
535359,2016,10,06,00,47,44.0,W,69.18,S,20.25,94,4.4,"TARAPACA, CHILE"
535466,2016,10,06,00,42,11.2,W,96.92,N,36.42,5,2.1,OKLAHOMA
535357,2016,10,06,00,19,04.7,W,96.91,N,36.42,3,3.2,OKLAHOMA
535356,2016,10,06,00,18,01.2,E,39.41,N,38.47,6,2.3,EASTERN TURKEY
535358,2016,10,06,00,03,56.0,E,37.43,N,59.89,217,4.3,TAJIKISTAN
535353,2016,10,05,23,40,05.0,E,39.38,N,62.13,5,2.9,WESTERN TURKEY
535346,2016,10,05,23,23,48.4,E,33.31,N,38.28,1,2.0,CENTRAL TURKEY
535344,2016,10,05,23,07,01.0,W,74.04,S,37.39,41,3.7,"OFFSHORE BIO-BIO, CHILE"
535343,2016,10,05,22,34,38.0,E,21.00,N,69.65,96,4.5,SOUTHEAST OF LOYALTY ISLANDS
535338,2016,10,05,22,01,57.2,E,49.41,N,38.31,20,3.6,CASPIAN SEA
535351,2016,10,05,21,45,08.1,W,65.65,N,17.83,13,2.3,PUERTO RICO REGION
535337,2016,10,05,21,26,33.2,W,58.45,N,34.72,4,2.1,GULF OF ALASKA
535332,2016,10,05,20,53,40.0,W,68.76,S,34.32,110,3.1,"ANTOFAGASTA, CHILE"
535330,2016,10,05,20,52,16.0,W,68.76,S,21.27,110,3.1,"ANTOFAGASTA, CHILE"
535328,2016,10,05,20,47,49.7,E,38.88,N,33.80,1,2.1,WESTERN TURKEY
535326,2016,10,05,20,14,36.9,E,29.64,N,36.09,1,2.5,WESTERN TURKEY
535325,2016,10,05,20,10,02.5,E,42.24,N,40.59,5,2.0,EASTERN TURKEY
535327,2016,10,05,20,08,46.0,E,37.67,N,61.47,5,2.0,WESTERN TURKEY
535322,2016,10,05,19,55,23.1,E,26.42,N,34.02,10,3.8,SOUTHEASTERN IRAN
535347,2016,10,05,19,44,14.6,W,65.44,N,19.60,79,2.7,PUERTO RICO REGION
535395,2016,10,05,19,30,06.9,W,97.27,N,36.22,8,2.4,OKLAHOMA
535315,2016,10,05,19,03,37.3,W,41.43,N,39.90,10,5.0,WEST CHILE RISE
535321,2016,10,05,18,43,43.1,E,30.13,N,37.64,10,2.4,WESTERN TURKEY
535313,2016,10,05,18,28,42.9,W,37.54,N,19.41,6,3.2,CENTRAL CALIFORNIA
535310,2016,10,05,17,27,09.4,E,25.90,N,41.39,8,2.3,BULGARIA
535309,2016,10,05,17,23,30.3,E,34.46,N,36.90,10,2.1,CENTRAL TURKEY
535308,2016,10,05,17,15,14.7,W,36.54,N,42.39,3,2.0,CENTRAL CALIFORNIA
535335,2016,10,05,17,02,33.2,W,97.86,N,35.03,6,2.2,OKLAHOMA
535335,2016,10,05,17,02,33.2,W,97.86,N,35.03,6,2.2,OKLAHOMA
535306,2016,10,05,17,02,30.4,E,20.46,N,38.29,17,2.0,GREECE
535304,2016,10,05,16,59,56.2,W,98.78,N,36.44,8,3.2,OKLAHOMA
535299,2016,10,05,16,40,06.0,W,71.56,S,30.62,23,3.8,"COQUIMBO, CHILE"
535298,2016,10,05,16,38,16.2,E,31.62,N,40.14,8,2.3,WESTERN TURKEY
535294,2016,10,05,16,06,14.7,W,96.68,N,74.88,6,3.0,OKLAHOMA
535291,2016,10,05,15,18,25.5,E,37.58,N,37.08,5,2.1,CENTRAL TURKEY
535286,2016,10,05,15,02,26.4,W,98.76,N,36.43,5,3.5,OKLAHOMA
535289,2016,10,05,15,02,11.5,W,33.77,S,20.31,52,3.1,"VALPARAISO, CHILE"
536360,2016,10,05,14,47,47.0,E,35.41,N,54.54,26,3.1,"DODECANESE ISLANDS, GREECE"
535279,2016,10,05,14,39,54.1,W,33.16,N,47.72,3,3.0,SOUTHERN CALIFORNIA
535303,2016,10,05,14,01,26.8,E,35.32,N,40.16,5,2.4,CENTRAL TURKEY
535280,2016,10,05,13,49,53.1,E,35.45,N,33.17,26,2.9,"DODECANESE ISLANDS, GREECE"
535269,2016,10,05,13,47,47.4,W,36.46,N,33.16,4,3.0,OKLAHOMA
535277,2016,10,05,13,44,25.6,E,28.21,N,37.24,6,2.1,WESTERN TURKEY
536359,2016,10,05,13,37,05.0,W,36.01,N,60.04,1,2.0,CENTRAL CALIFORNIA
535287,2016,10,05,13,09,13.6,W,64.22,N,18.62,47,2.3,VIRGIN ISLANDS REGION
536358,2016,10,05,13,04,12.0,E,42.64,N,60.20,12,3.2,CENTRAL ITALY
535262,2016,10,05,12,24,35.1,W,21.28,N,84.38,72,3.0,"TARAPACA, CHILE"
535254,2016,10,05,12,07,50.0,W,68.59,S,22.09,116,3.5,"ANTOFAGASTA, CHILE"
535258,2016,10,05,11,56,52.2,E,39.08,N,36.29,5,2.0,CENTRAL TURKEY
535251,2016,10,05,11,37,17.2,W,25.13,S,58.85,40,5.0,SOUTH SANDWICH ISLANDS REGION
535248,2016,10,05,10,51,48.0,E,30.47,N,73.14,429,4.2,"IZU ISLANDS, JAPAN REGION"
535253,2016,10,05,10,18,38.9,W,64.40,N,18.90,34,2.2,VIRGIN ISLANDS REGION
535243,2016,10,05,10,17,46.9,E,38.84,N,36.06,16,2.8,EASTERN TURKEY
535245,2016,10,05,10,06,57.3,E,26.86,N,41.89,7,2.0,BULGARIA-GREECE-TURKEY BORDER RG
535240,2016,10,05,10,05,07.6,W,36.40,N,46.52,7,2.3,OKLAHOMA
535238,2016,10,05,09,52,01.2,W,30.16,N,36.06,20,3.5,"OFFSHORE COQUIMBO, CHILE"
535234,2016,10,05,09,32,17.7,W,22.54,N,40.32,97,3.3,"ANTOFAGASTA, CHILE"
535233,2016,10,05,09,17,13.2,E,28.65,N,39.83,7,2.5,WESTERN TURKEY
535229,2016,10,05,09,15,10.3,W,20.69,N,32.89,52,2.8,"TARAPACA, CHILE"
535228,2016,10,05,09,01,58.0,E,29.15,N,37.98,9,2.2,WESTERN TURKEY
535236,2016,10,05,08,59,41.4,E,69.51,N,37.56,100,4.5,TAJIKISTAN
535319,2016,10,05,08,21,40.6,E,40.92,N,31.27,40,4.1,CASPIAN SEA
535247,2016,10,05,08,12,59.3,E,39.43,S,24.66,20,3.9,KYRGYZSTAN
535232,2016,10,05,07,28,35.2,E,20.23,N,37.40,10,2.2,IONIAN SEA
535218,2016,10,05,07,28,03.7,W,60.31,N,47.47,12,2.2,"SOUTHERN YUKON TERRITORY, CANADA"
536363,2016,10,05,07,25,24.0,W,12.67,N,60.31,98,4.6,NEAR COAST OF NICARAGUA
535221,2016,10,05,07,22,39.0,W,71.37,S,30.71,48,4.4,"COQUIMBO, CHILE"
536364,2016,10,05,07,14,02.0,W,63.84,N,61.03,122,2.6,CENTRAL ALASKA
535211,2016,10,05,07,00,55.4,E,45.27,N,51.90,89,4.3,SOUTH ISLAND OF NEW ZEALAND
535212,2016,10,05,06,57,18.0,W,69.06,S,20.87,104,3.1,"TARAPACA, CHILE"
535432,2016,10,05,06,27,03.7,E,11.37,N,47.12,5,2.3,AUSTRIA
535209,2016,10,05,06,17,24.4,W,70.12,S,29.29,100,4.5,"ATACAMA, CHILE"
535205,2016,10,05,06,04,18.2,W,61.94,N,38.81,35,2.7,SOUTHERN ALASKA
535223,2016,10,05,05,32,22.0,E,22.84,N,35.34,25,2.2,CENTRAL MEDITERRANEAN SEA
536349,2016,10,05,05,17,49.0,E,38.78,N,53.20,13,2.6,NEAR THE COAST OF WESTERN TURKEY
535201,2016,10,05,04,59,27.3,E,31.26,N,38.30,5,2.4,WESTERN TURKEY
535202,2016,10,05,04,43,37.2,E,29.13,N,40.45,6,2.2,WESTERN TURKEY
535197,2016,10,05,04,30,53.0,E,39.53,N,64.81,5,3.0,WESTERN TURKEY
536351,2016,10,05,04,02,06.0,W,55.34,N,51.19,44,2.6,ALASKA PENINSULA
536348,2016,10,05,03,57,21.0,E,29.34,N,55.34,10,4.8,SOUTHWEST INDIAN RIDGE
535188,2016,10,05,03,17,51.9,W,61.94,N,19.45,7,2.0,SOUTHERN ALASKA
535186,2016,10,05,02,42,00.0,W,71.33,S,30.73,43,3.0,"COQUIMBO, CHILE"
535195,2016,10,05,02,39,28.1,E,28.49,N,37.01,11,2.1,WESTERN TURKEY
535185,2016,10,05,02,19,31.0,E,39.15,N,61.60,11,2.0,WESTERN TURKEY
535184,2016,10,05,01,54,04.0,W,72.94,S,35.93,30,3.5,"OFFSHORE BIO-BIO, CHILE"
535181,2016,10,05,01,38,00.1,E,28.42,N,39.28,6,2.5,WESTERN TURKEY
535180,2016,10,05,01,34,18.8,E,28.45,N,39.28,5,2.4,WESTERN TURKEY
535177,2016,10,05,01,08,17.4,E,24.88,N,34.97,2,3.4,"CRETE, GREECE"
535172,2016,10,05,00,25,32.6,E,39.53,N,19.40,5,2.3,WESTERN TURKEY
535176,2016,10,05,00,19,49.0,E,37.44,N,63.11,5,2.5,CENTRAL TURKEY
535171,2016,10,05,00,09,30.0,W,71.32,S,31.94,65,3.1,"COQUIMBO, CHILE"
535175,2016,10,04,23,51,14.4,W,64.92,N,19.03,25,2.9,VIRGIN ISLANDS REGION
535207,2016,10,04,23,35,05.8,E,32.74,N,34.17,20,2.1,CYPRUS REGION
535166,2016,10,04,23,00,16.1,W,68.09,S,23.72,118,4.4,"ANTOFAGASTA, CHILE"
535740,2016,10,04,22,52,44.0,W,53.81,N,51.25,54,2.9,"FOX ISLANDS, ALEUTIAN ISLANDS"
535187,2016,10,04,22,38,18.2,E,46.63,N,42.82,50,3.8,"CAUCASUS REGION, RUSSIA"
535206,2016,10,04,22,25,57.9,E,20.26,N,41.08,4,2.6,ALBANIA
535164,2016,10,04,22,20,03.1,E,19.22,N,50.07,1,2.6,POLAND
535163,2016,10,04,22,15,36.9,E,32.82,N,35.24,60,2.2,CYPRUS REGION
535307,2016,10,04,21,14,33.8,E,37.87,N,49.42,8,2.1,SOUTHERN GREECE
535161,2016,10,04,20,48,46.0,E,38.29,N,63.17,7,3.3,GREECE
535157,2016,10,04,20,42,09.9,E,22.16,N,38.29,8,3.5,GREECE
535154,2016,10,04,20,36,18.7,E,30.07,N,38.91,7,2.8,WESTERN TURKEY
535152,2016,10,04,20,16,02.0,W,71.23,S,32.25,56,2.8,"VALPARAISO, CHILE"
535162,2016,10,04,19,50,21.5,E,38.84,N,51.99,12,2.6,NEAR THE COAST OF WESTERN TURKEY
535203,2016,10,04,19,44,32.8,E,20.01,N,41.45,12,2.3,ALBANIA
535145,2016,10,04,19,05,36.8,E,41.88,N,40.44,5,2.5,CENTRAL TURKEY
535142,2016,10,04,18,08,12.0,W,71.39,S,30.77,44,3.8,"COQUIMBO, CHILE"
535735,2016,10,04,17,41,41.0,E,38.89,N,53.61,5,2.5,WESTERN TURKEY
535132,2016,10,04,17,31,26.7,E,30.07,N,38.89,5,2.5,WESTERN TURKEY
535130,2016,10,04,17,15,11.9,E,43.30,N,38.74,3,2.4,EASTERN TURKEY
535129,2016,10,04,17,06,09.4,E,18.45,N,50.12,1,2.9,POLAND
535123,2016,10,04,16,56,05.1,E,31.36,N,36.02,10,2.9,WESTERN TURKEY
535737,2016,10,04,16,17,17.0,W,21.81,N,55.58,116,2.7,"ANTOFAGASTA, CHILE"
535734,2016,10,04,15,48,54.0,W,23.13,N,56.31,176,3.8,"ANTOFAGASTA, CHILE"
535113,2016,10,04,15,29,12.0,W,69.27,S,18.83,108,2.6,"TARAPACA, CHILE"
535140,2016,10,04,15,19,12.3,E,37.40,N,31.69,7,2.1,WESTERN TURKEY
535430,2016,10,04,14,59,16.1,E,23.61,N,35.34,11,2.1,"CRETE, GREECE"
535122,2016,10,04,14,56,00.0,E,27.70,N,38.88,4,2.0,WESTERN TURKEY
535105,2016,10,04,14,36,42.4,W,70.98,S,18.67,20,4.3,"OFFSHORE TARAPACA, CHILE"
535106,2016,10,04,14,36,16.9,E,28.20,N,37.22,10,2.2,WESTERN TURKEY
535104,2016,10,04,14,26,24.8,E,38.77,N,37.44,5,2.3,EASTERN TURKEY
535107,2016,10,04,14,24,38.0,E,27.92,N,60.30,40,5.7,"BONIN ISLANDS, JAPAN REGION"
535095,2016,10,04,13,34,35.2,E,43.75,N,38.81,10,3.8,"CAUCASUS REGION, RUSSIA"
535226,2016,10,04,13,29,04.1,E,19.26,N,77.23,12,2.5,SVALBARD REGION
535093,2016,10,04,13,13,54.1,E,23.84,N,35.19,18,2.4,"CRETE, GREECE"
535092,2016,10,04,13,10,44.5,W,96.69,N,35.86,9,3.1,OKLAHOMA
535089,2016,10,04,13,02,03.9,E,56.89,N,37.30,10,3.6,NORTHEASTERN IRAN
535094,2016,10,04,12,56,48.0,W,73.09,N,60.39,146,2.7,NORTHERN COLOMBIA
535083,2016,10,04,12,41,35.3,E,13.12,N,42.86,9,3.9,CENTRAL ITALY
535091,2016,10,04,12,17,45.4,W,33.94,N,34.67,8,2.2,SOUTHERN CALIFORNIA
535079,2016,10,04,12,13,49.5,W,29.82,N,34.71,25,3.0,"COQUIMBO, CHILE"
535072,2016,10,04,11,26,14.0,W,84.46,N,60.31,20,4.6,COSTA RICA
535065,2016,10,04,11,00,59.0,E,34.84,N,60.34,21,2.2,CYPRUS REGION
535060,2016,10,04,10,53,25.0,E,42.00,N,65.42,1,3.1,KOSOVO-SERBIA-FYROM BORDER REG.
535055,2016,10,04,10,49,56.8,E,11.39,N,45.58,6,2.2,NORTHERN ITALY
535061,2016,10,04,10,41,54.0,W,19.40,N,60.31,2,2.0,"ISLAND OF HAWAII, HAWAII"
535112,2016,10,04,10,21,32.0,W,96.97,N,36.32,8,2.3,OKLAHOMA
535043,2016,10,04,10,18,52.1,E,42.35,N,38.97,21,2.4,EASTERN TURKEY
535045,2016,10,04,10,18,05.5,E,13.40,N,43.11,22,2.4,CENTRAL ITALY
535049,2016,10,04,10,15,26.0,W,63.03,N,58.33,111,2.0,CENTRAL ALASKA
535040,2016,10,04,09,54,19.0,E,37.23,N,59.79,3,2.2,WESTERN TURKEY
535035,2016,10,04,09,33,10.7,E,13.16,N,42.76,13,2.3,CENTRAL ITALY
535073,2016,10,04,09,11,37.3,W,64.78,N,18.25,21,2.1,VIRGIN ISLANDS REGION
535032,2016,10,04,09,10,38.2,W,96.94,N,36.43,8,3.5,OKLAHOMA
535025,2016,10,04,08,37,46.3,E,44.71,N,46.70,5,3.0,FRANCE
535026,2016,10,04,08,15,11.0,W,72.00,S,30.28,5,3.8,"OFFSHORE COQUIMBO, CHILE"
535070,2016,10,04,08,14,47.1,W,64.93,N,19.02,12,2.5,VIRGIN ISLANDS REGION
535017,2016,10,04,08,12,53.2,E,36.62,N,40.55,6,2.7,CENTRAL TURKEY
535019,2016,10,04,08,02,27.0,W,18.99,N,58.57,46,2.1,VIRGIN ISLANDS REGION
535068,2016,10,04,07,52,07.1,W,64.79,N,19.03,11,2.3,VIRGIN ISLANDS REGION
535012,2016,10,04,07,39,32.0,W,20.18,N,58.53,580,4.7,FIJI REGION
535013,2016,10,04,07,37,34.9,E,33.40,N,36.22,5,2.2,CENTRAL TURKEY
535006,2016,10,04,07,36,41.7,W,52.86,N,35.55,12,3.5,"ANDREANOF ISLANDS, ALEUTIAN IS."
535002,2016,10,04,07,14,58.4,E,30.07,N,37.60,18,2.1,WESTERN TURKEY
535037,2016,10,04,07,12,38.4,E,23.52,N,37.61,8,2.0,SOUTHERN GREECE
535008,2016,10,04,06,55,48.9,W,64.64,N,19.58,21,3.5,VIRGIN ISLANDS REGION
534993,2016,10,04,06,29,19.0,W,19.10,N,22.18,28,2.7,PUERTO RICO REGION
534992,2016,10,04,05,15,52.5,W,38.82,N,53.30,1,2.3,NORTHERN CALIFORNIA
534986,2016,10,04,04,36,19.6,W,45.16,N,19.42,24,3.0,OREGON
534983,2016,10,04,04,22,15.4,E,72.19,N,48.69,24,2.1,NORWEGIAN SEA
534982,2016,10,04,04,07,04.0,W,54.39,N,73.13,18,3.1,ALASKA PENINSULA
534980,2016,10,04,02,46,56.0,E,38.91,N,62.44,13,2.6,WESTERN TURKEY
534977,2016,10,04,02,45,46.9,E,27.88,N,38.91,13,2.6,WESTERN TURKEY
534978,2016,10,04,02,44,42.8,E,42.50,N,54.48,21,2.3,MONTENEGRO
534988,2016,10,04,02,36,36.9,W,64.07,N,18.76,23,2.6,VIRGIN ISLANDS REGION
534972,2016,10,04,01,56,39.1,E,53.41,N,34.17,50,4.2,NEAR EAST COAST OF KAMCHATKA
534971,2016,10,04,01,37,38.0,W,73.49,S,73.13,6,4.2,"OFFSHORE BIO-BIO, CHILE"
534967,2016,10,04,01,09,44.2,W,35.66,N,33.00,7,2.2,"OKLAHOMA CITY AREA, OKLAHOMA"
534968,2016,10,04,00,59,59.7,E,28.66,N,37.12,5,2.2,WESTERN TURKEY
534964,2016,10,04,00,17,04.4,W,18.59,N,46.03,32,2.3,PUERTO RICO REGION
534963,2016,10,04,00,03,52.8,E,24.59,N,35.60,26,2.2,"CRETE, GREECE"
534962,2016,10,03,23,48,32.5,E,28.97,N,36.21,17,2.0,DODECANESE IS.-TURKEY BORDER REG
535745,2016,10,03,23,44,54.0,W,38.84,N,60.17,2,2.3,NORTHERN CALIFORNIA
535088,2016,10,03,23,36,37.5,E,20.40,N,38.14,18,2.0,GREECE
534958,2016,10,03,23,12,25.6,E,42.78,N,38.70,10,2.6,CENTRAL ITALY
534956,2016,10,03,22,59,03.9,E,38.62,N,36.47,2,2.6,EASTERN TURKEY
535750,2016,10,03,22,45,58.0,E,38.78,N,52.77,13,2.2,NEAR THE COAST OF WESTERN TURKEY
534954,2016,10,03,22,33,42.2,E,20.71,N,39.45,1,2.1,GREECE
534953,2016,10,03,22,23,42.0,W,70.99,S,29.95,78,2.5,"COQUIMBO, CHILE"
534950,2016,10,03,22,20,19.9,E,34.95,N,47.01,1,2.7,"CRETE, GREECE"
534966,2016,10,03,22,02,20.2,W,64.28,N,18.64,43,2.0,VIRGIN ISLANDS REGION
534948,2016,10,03,21,56,19.3,E,25.13,N,34.12,1,2.8,"CRETE, GREECE"
534947,2016,10,03,21,48,41.5,E,31.64,N,40.15,6,2.4,WESTERN TURKEY
534946,2016,10,03,21,36,56.0,E,42.83,N,61.91,8,2.6,CENTRAL ITALY
535445,2016,10,03,21,30,03.2,E,26.61,N,34.70,50,2.6,"CRETE, GREECE"
534944,2016,10,03,21,29,12.8,E,31.51,N,40.78,5,2.0,WESTERN TURKEY
534939,2016,10,03,21,09,02.5,E,40.16,N,39.27,6,2.3,EASTERN TURKEY
535018,2016,10,03,20,56,25.2,E,22.74,N,40.97,1,2.2,GREECE
534937,2016,10,03,20,42,29.1,E,39.43,N,38.48,6,2.4,EASTERN TURKEY
536640,2016,10,03,20,40,34.6,E,21.33,N,36.37,17,2.3,SOUTHERN GREECE
534914,2016,10,03,20,33,14.1,E,27.62,N,37.89,5,2.0,WESTERN TURKEY
534914,2016,10,03,20,33,14.1,E,27.62,N,37.89,5,2.0,WESTERN TURKEY
534938,2016,10,03,20,31,44.0,W,44.66,N,63.20,12,2.3,"YELLOWSTONE NAT. PARK, WYOMING"
534951,2016,10,03,20,15,12.8,E,38.90,N,44.67,14,2.8,WESTERN TURKEY
534907,2016,10,03,19,58,30.9,W,14.43,N,33.20,18,4.4,NEAR COAST OF CENTRAL PERU
534911,2016,10,03,19,41,22.0,W,32.83,N,56.92,12,2.4,SOUTHERN CALIFORNIA
534906,2016,10,03,19,34,24.4,E,22.95,N,39.27,12,2.5,GREECE
534904,2016,10,03,19,22,32.0,W,70.09,S,24.04,42,3.7,"ANTOFAGASTA, CHILE"
534902,2016,10,03,19,05,04.0,W,72.02,S,34.66,10,2.7,"LIBERTADOR O'HIGGINS, CHILE"
534899,2016,10,03,18,59,54.5,W,28.17,N,31.68,141,3.4,"LA RIOJA, ARGENTINA"
534912,2016,10,03,18,33,11.8,E,34.97,N,40.12,4,2.1,CENTRAL TURKEY
534909,2016,10,03,18,28,31.8,W,19.97,S,23.74,41,2.6,"ISLAND OF HAWAII, HAWAII"
534896,2016,10,03,18,07,40.0,W,40.61,S,23.74,31,2.1,NORTHERN CALIFORNIA
534895,2016,10,03,17,33,02.1,E,15.19,N,37.75,7,2.4,"SICILY, ITALY"
534901,2016,10,03,17,24,05.3,E,15.52,N,34.55,82,2.1,"SICILY, ITALY"
534891,2016,10,03,16,57,45.2,E,22.48,N,37.71,16,2.3,SOUTHERN GREECE
534890,2016,10,03,16,52,00.7,E,21.39,N,43.22,5,2.5,SERBIA
534892,2016,10,03,16,46,04.0,W,19.06,N,58.09,14,3.4,VIRGIN ISLANDS REGION
534960,2016,10,03,15,38,45.8,W,15.38,N,31.92,10,4.4,"DOMINICA REGION, LEEWARD ISLANDS"
534878,2016,10,03,15,10,11.0,W,71.47,S,32.00,36,3.0,"COQUIMBO, CHILE"
534884,2016,10,03,15,05,48.0,E,99.18,N,58.84,163,5.0,"NORTHERN SUMATRA, INDONESIA"
534888,2016,10,03,15,00,55.8,W,65.62,N,17.84,10,2.0,PUERTO RICO REGION
534882,2016,10,03,14,55,41.0,E,27.58,N,37.28,5,2.5,WESTERN TURKEY
536635,2016,10,03,14,50,34.1,E,23.57,N,38.37,12,2.2,GREECE
534874,2016,10,03,14,34,42.0,E,40.69,N,59.74,26,2.2,EASTERN TURKEY
534873,2016,10,03,14,23,45.8,W,52.73,N,37.91,5,2.5,"FOX ISLANDS, ALEUTIAN ISLANDS"
534871,2016,10,03,13,44,20.8,E,39.51,N,19.23,5,2.9,WESTERN TURKEY
534868,2016,10,03,13,03,36.8,E,29.02,N,39.51,5,2.9,WESTERN TURKEY
534940,2016,10,03,12,47,01.9,E,38.75,S,24.05,4,2.2,GREECE
537608,2016,10,03,12,19,51.4,W,97.50,N,36.99,6,2.7,OKLAHOMA
534861,2016,10,03,12,10,59.1,E,21.91,N,38.44,11,3.1,GREECE
537607,2016,10,03,12,10,36.7,W,54.71,N,51.82,38,3.8,ALASKA PENINSULA
535747,2016,10,03,12,06,57.0,W,57.95,N,52.67,57,2.0,"KODIAK ISLAND REGION, ALASKA"
534856,2016,10,03,12,01,25.3,E,23.26,N,35.44,30,3.5,"CRETE, GREECE"
534858,2016,10,03,11,54,41.0,W,71.46,S,32.33,54,2.2,"OFFSHORE VALPARAISO, CHILE"
534853,2016,10,03,11,48,29.7,W,21.23,N,47.64,119,2.9,"ANTOFAGASTA, CHILE"
535746,2016,10,03,11,10,21.0,W,59.81,N,52.79,0,2.1,SOUTHEASTERN ALASKA
534848,2016,10,03,10,36,30.6,E,20.92,N,39.16,18,2.6,GREECE
534849,2016,10,03,10,35,16.0,E,36.34,N,65.24,1,2.1,SOUTHERN GREECE
534855,2016,10,03,09,55,45.9,E,43.53,N,43.77,10,3.4,"CAUCASUS REGION, RUSSIA"
534846,2016,10,03,09,52,48.0,E,20.34,N,73.16,9,2.2,IONIAN SEA
534844,2016,10,03,09,13,28.2,E,28.19,N,37.22,3,2.1,WESTERN TURKEY
534843,2016,10,03,09,09,54.1,E,24.42,N,38.58,8,2.2,AEGEAN SEA
534842,2016,10,03,09,06,16.9,E,29.42,N,39.63,11,2.0,WESTERN TURKEY
534857,2016,10,03,08,51,32.1,W,68.02,N,18.97,48,2.7,DOMINICAN REPUBLIC REGION
534845,2016,10,03,08,48,25.9,E,37.75,N,41.92,7,2.9,"SICILY, ITALY"
534838,2016,10,03,08,06,42.3,E,22.08,N,38.35,7,2.5,GREECE
534869,2016,10,03,07,27,53.6,E,36.87,N,46.67,20,4.8,"OFF E. COAST OF N. ISLAND, N.Z."
534827,2016,10,03,06,16,31.0,E,45.60,S,35.97,105,2.8,ROMANIA
534835,2016,10,03,05,24,57.2,W,64.81,N,19.18,50,2.5,VIRGIN ISLANDS REGION
534820,2016,10,03,05,20,15.0,E,29.54,N,35.88,3,2.4,EASTERN MEDITERRANEAN SEA
534819,2016,10,03,05,16,06.8,W,50.95,N,19.22,10,3.1,SOUTH OF ALEUTIAN ISLANDS
534816,2016,10,03,04,51,10.6,E,26.50,N,38.79,12,2.1,NEAR THE COAST OF WESTERN TURKEY
534818,2016,10,03,04,40,44.9,W,31.29,S,30.41,104,4.5,"SAN JUAN, ARGENTINA"
534817,2016,10,03,04,40,29.0,W,68.81,S,31.29,104,4.5,"SAN JUAN, ARGENTINA"
534822,2016,10,03,04,20,13.2,E,20.19,N,41.06,3,2.9,ALBANIA
534814,2016,10,03,04,17,01.9,W,57.85,N,38.82,126,2.1,ALASKA PENINSULA
534810,2016,10,03,03,21,59.3,E,41.02,N,39.79,2,2.3,EASTERN TURKEY
535752,2016,10,03,03,12,23.0,E,37.77,N,52.47,1,2.2,SOUTHERN GREECE
534809,2016,10,03,02,54,06.5,E,37.75,N,51.72,15,2.2,SOUTHERN GREECE
535042,2016,10,03,02,40,59.9,E,21.07,N,37.72,5,4.5,SOUTHERN GREECE
534807,2016,10,03,02,22,59.6,W,74.54,N,72.09,19,3.3,COLOMBIA
534806,2016,10,03,02,02,22.4,W,61.56,S,19.34,54,2.7,SOUTHERN ALASKA
534798,2016,10,03,01,17,57.3,E,35.88,N,39.05,5,2.9,CENTRAL TURKEY
534799,2016,10,03,01,16,43.0,W,71.34,S,32.95,47,2.5,"VALPARAISO, CHILE"
534797,2016,10,03,01,16,39.7,E,35.90,N,39.02,5,2.7,CENTRAL TURKEY
534957,2016,10,03,00,32,51.5,E,39.95,N,40.31,19,2.3,EASTERN TURKEY
534790,2016,10,02,23,54,31.7,E,42.79,N,34.67,9,3.4,CENTRAL ITALY
534783,2016,10,02,23,34,02.0,W,70.65,S,23.16,36,2.9,"OFFSHORE ANTOFAGASTA, CHILE"
535379,2016,10,02,23,33,41.0,W,26.00,N,58.25,45,2.8,"OFFSHORE ANTOFAGASTA, CHILE"
535380,2016,10,02,23,14,50.0,E,18.70,N,58.02,212,4.5,"PAGAN REG., N. MARIANA ISLANDS"
534778,2016,10,02,23,08,02.0,E,42.72,N,62.33,10,2.5,CENTRAL ITALY
534815,2016,10,02,22,43,18.1,W,60.88,N,49.63,24,3.9,"KENAI PENINSULA, ALASKA"
534772,2016,10,02,22,37,15.9,E,20.57,N,35.90,49,4.9,VANUATU
534787,2016,10,02,22,32,13.1,W,66.48,N,19.09,24,2.8,PUERTO RICO REGION
534771,2016,10,02,21,52,10.0,E,47.11,N,60.12,7,1.7,SWITZERLAND
534769,2016,10,02,21,44,22.5,E,23.13,N,35.59,2,2.7,"CRETE, GREECE"
534918,2016,10,02,21,42,57.0,W,71.15,N,45.60,5,2.3,"SOUTHERN QUEBEC, CANADA"
535064,2016,10,02,21,35,41.6,E,20.64,N,38.74,15,2.0,GREECE
535064,2016,10,02,21,35,41.6,E,20.64,N,38.74,15,2.0,GREECE
534767,2016,10,02,21,25,28.8,E,13.23,N,42.84,8,2.7,CENTRAL ITALY
534768,2016,10,02,21,11,23.3,W,67.35,N,18.16,17,3.0,"MONA PASSAGE, PUERTO RICO"
534766,2016,10,02,21,09,58.0,W,71.74,S,31.12,34,3.4,"OFFSHORE COQUIMBO, CHILE"
535024,2016,10,02,20,36,05.1,E,46.26,S,37.16,8,2.4,SWITZERLAND
534761,2016,10,02,20,07,10.0,W,69.06,S,20.70,84,2.8,"TARAPACA, CHILE"
534757,2016,10,02,19,41,19.0,E,19.19,N,42.50,18,3.9,MONTENEGRO
534756,2016,10,02,19,08,59.0,W,71.18,S,31.89,76,3.1,"COQUIMBO, CHILE"
534765,2016,10,02,19,00,24.3,W,65.07,N,18.42,14,2.0,VIRGIN ISLANDS REGION
535062,2016,10,02,18,50,52.4,E,20.48,N,38.17,19,2.3,GREECE
534754,2016,10,02,18,45,58.0,W,68.99,S,23.77,76,2.7,"ANTOFAGASTA, CHILE"
534753,2016,10,02,18,32,15.8,W,18.85,N,36.25,39,2.4,VIRGIN ISLANDS REGION
534752,2016,10,02,18,25,43.3,E,21.47,N,39.22,1,2.5,GREECE
534751,2016,10,02,18,09,20.2,W,54.08,N,47.47,22,2.1,"UNIMAK ISLAND REGION, ALASKA"
535363,2016,10,02,17,58,52.0,W,51.81,N,53.93,14,2.0,"ANDREANOF ISLANDS, ALEUTIAN IS."
534750,2016,10,02,17,49,40.5,E,34.73,N,31.83,18,2.6,"CRETE, GREECE"
534748,2016,10,02,16,50,18.0,W,68.33,S,21.00,137,3.4,"POTOSI, BOLIVIA"
534746,2016,10,02,16,43,48.9,W,63.42,S,27.12,569,4.5,"SANTIAGO DEL ESTERO, ARGENTINA"
534749,2016,10,02,16,41,05.0,W,27.11,N,61.04,567,4.5,"SANTIAGO DEL ESTERO, ARGENTINA"
534744,2016,10,02,16,36,14.2,W,28.81,N,38.50,42,3.6,"ATACAMA, CHILE"
534760,2016,10,02,16,21,19.8,W,64.57,N,18.78,28,2.3,VIRGIN ISLANDS REGION
534741,2016,10,02,16,20,18.1,E,24.66,N,34.61,7,2.8,"CRETE, GREECE"
534743,2016,10,02,16,18,06.0,W,69.13,S,20.84,105,2.8,"TARAPACA, CHILE"
534742,2016,10,02,16,16,24.0,W,52.48,N,59.38,64,2.4,"FOX ISLANDS, ALEUTIAN ISLANDS"
534738,2016,10,02,15,44,32.7,E,42.81,N,37.49,8,2.6,CENTRAL ITALY
534735,2016,10,02,15,14,09.5,E,29.61,N,36.08,2,2.1,WESTERN TURKEY
534755,2016,10,02,15,11,55.2,E,36.99,N,37.28,14,2.0,CENTRAL TURKEY
536263,2016,10,02,14,56,45.3,E,20.56,N,37.61,1,2.2,IONIAN SEA
534734,2016,10,02,14,48,39.7,E,28.16,N,37.20,2,2.2,WESTERN TURKEY
535366,2016,10,02,14,39,17.0,W,59.73,N,57.57,107,2.0,SOUTHERN ALASKA
535361,2016,10,02,13,45,22.0,E,16.45,N,59.73,30,5.7,"LUZON, PHILIPPINES"
536258,2016,10,02,13,24,51.7,E,20.53,N,37.44,1,2.3,IONIAN SEA
537605,2016,10,02,12,57,16.5,E,40.13,S,37.10,16,2.0,WESTERN TURKEY
534728,2016,10,02,12,51,50.8,E,61.01,S,29.21,10,4.9,SOUTHWEST INDIAN RIDGE
534724,2016,10,02,12,47,48.3,E,29.07,N,38.07,10,2.3,WESTERN TURKEY
534725,2016,10,02,12,44,39.0,E,29.06,N,73.10,18,2.0,WESTERN TURKEY
535368,2016,10,02,12,39,07.5,E,46.32,N,54.20,2,2.0,FRANCE
534721,2016,10,02,12,32,52.2,W,10.83,N,19.73,1,4.1,OFF COAST OF COSTA RICA
534720,2016,10,02,12,16,49.5,E,13.77,N,43.55,9,2.6,CENTRAL ITALY
535098,2016,10,02,12,00,18.1,W,68.18,N,19.04,52,3.1,DOMINICAN REPUBLIC REGION
534719,2016,10,02,11,43,03.0,E,35.84,N,37.56,5,2.0,EASTERN MEDITERRANEAN SEA
534717,2016,10,02,10,40,43.0,E,41.31,N,57.82,12,2.2,WESTERN TURKEY
535360,2016,10,02,09,47,10.0,E,40.75,N,52.04,6,2.4,CENTRAL TURKEY
534714,2016,10,02,09,45,56.8,E,37.60,N,40.75,6,2.4,CENTRAL TURKEY
534713,2016,10,02,09,41,05.0,W,71.76,S,34.77,43,2.6,"LIBERTADOR O'HIGGINS, CHILE"
535675,2016,10,02,09,18,17.5,E,23.57,N,39.51,16,2.0,AEGEAN SEA
534710,2016,10,02,09,05,41.6,E,21.01,N,39.47,1,2.3,GREECE
534706,2016,10,02,08,43,28.2,E,27.74,N,39.10,22,2.6,WESTERN TURKEY
534707,2016,10,02,08,31,30.7,E,29.12,N,37.95,12,2.0,WESTERN TURKEY
534705,2016,10,02,08,17,45.0,E,37.22,N,58.40,10,2.0,WESTERN TURKEY
534702,2016,10,02,07,55,46.0,W,20.03,N,73.11,29,2.1,"HAWAII REGION, HAWAII"
534700,2016,10,02,07,26,10.0,W,36.54,N,59.73,8,2.1,SOUTHEASTERN MISSOURI
535654,2016,10,02,07,10,37.5,E,23.35,N,34.78,20,2.1,"CRETE, GREECE"
534695,2016,10,02,07,07,28.8,E,26.20,N,39.06,9,2.1,NEAR THE COAST OF WESTERN TURKEY
534694,2016,10,02,06,53,03.4,E,29.54,N,35.50,84,2.4,EASTERN MEDITERRANEAN SEA
534697,2016,10,02,06,41,15.3,W,64.73,N,18.54,3,2.4,VIRGIN ISLANDS REGION
534691,2016,10,02,05,57,39.5,E,46.04,N,47.59,4,2.0,FRANCE
534687,2016,10,02,05,23,12.2,W,21.08,N,33.30,10,4.7,TONGA
535027,2016,10,02,05,18,06.6,E,39.52,S,21.08,10,2.2,WESTERN TURKEY
534686,2016,10,02,05,05,38.4,E,42.37,N,40.50,5,3.1,EASTERN TURKEY
534736,2016,10,02,05,01,32.0,W,38.83,N,52.62,1,2.1,NORTHERN CALIFORNIA
534683,2016,10,02,04,34,06.7,W,58.34,N,19.31,2,2.6,ALASKA PENINSULA
534678,2016,10,02,03,51,09.0,W,97.58,N,36.22,5,3.0,OKLAHOMA
534681,2016,10,02,03,31,42.0,W,76.18,N,61.24,4,2.5,COLOMBIA
534675,2016,10,02,03,26,24.4,W,30.16,N,19.31,40,2.9,"CANARY ISLANDS, SPAIN REGION"
535369,2016,10,02,03,05,25.0,W,19.30,N,53.00,2,2.5,"ISLAND OF HAWAII, HAWAII"
534673,2016,10,02,02,42,33.9,W,78.13,N,36.16,10,4.4,PANAMA
534669,2016,10,02,02,00,54.4,W,21.29,N,46.03,114,4.1,"ANTOFAGASTA, CHILE"
534666,2016,10,02,01,13,43.0,E,39.94,N,58.33,3,2.0,CENTRAL TURKEY
534665,2016,10,02,01,05,57.2,E,35.92,N,39.94,3,2.0,CENTRAL TURKEY
534663,2016,10,02,00,52,50.8,E,37.93,N,46.04,7,2.0,WESTERN TURKEY
534711,2016,10,02,00,38,18.0,E,16.84,N,43.86,4,2.2,BOSNIA AND HERZEGOVINA
534688,2016,10,02,00,33,10.1,W,31.62,N,40.68,10,2.6,"BAJA CALIFORNIA, MEXICO"
534662,2016,10,01,23,50,42.5,E,44.15,N,38.65,5,2.5,TURKEY-IRAN BORDER REGION
534658,2016,10,01,23,47,59.9,W,64.86,N,36.70,22,3.9,"SOUTHERN YUKON TERRITORY, CANADA"
534656,2016,10,01,23,29,19.2,W,56.81,N,46.03,13,2.4,ALASKA PENINSULA
534653,2016,10,01,23,25,32.8,W,33.79,N,46.04,31,3.1,"OFFSHORE VALPARAISO, CHILE"
534651,2016,10,01,23,17,39.1,E,13.74,N,46.04,130,4.5,"MINDORO, PHILIPPINES"
534650,2016,10,01,22,42,02.1,E,13.86,N,41.38,10,2.4,SOUTHERN ITALY
534648,2016,10,01,22,22,45.7,E,42.16,N,39.87,12,2.0,EASTERN TURKEY
534646,2016,10,01,22,07,53.2,W,73.07,N,52.76,142,3.9,NORTHERN COLOMBIA
534644,2016,10,01,22,01,23.0,E,17.57,N,73.07,3,2.5,BOSNIA AND HERZEGOVINA
534641,2016,10,01,21,32,50.3,W,33.14,N,33.14,8,2.2,SOUTHERN CALIFORNIA
534642,2016,10,01,21,25,21.0,W,71.54,S,31.69,51,3.0,"COQUIMBO, CHILE"
534638,2016,10,01,21,18,04.0,E,43.08,N,38.72,7,2.1,EASTERN TURKEY
534639,2016,10,01,20,47,20.0,W,69.67,S,21.42,86,3.1,"TARAPACA, CHILE"
534637,2016,10,01,20,43,04.0,W,71.91,S,32.05,37,3.0,"OFFSHORE COQUIMBO, CHILE"
534635,2016,10,01,20,28,10.0,W,71.16,S,34.39,69,2.9,"LIBERTADOR O'HIGGINS, CHILE"
534626,2016,10,01,19,52,13.1,W,74.83,S,27.99,35,4.9,CENTRAL PERU
534657,2016,10,01,19,43,43.2,W,64.74,N,19.29,24,2.5,VIRGIN ISLANDS REGION
534622,2016,10,01,19,29,38.0,E,37.35,N,63.06,122,4.2,TAJIKISTAN
534621,2016,10,01,18,22,29.0,W,68.51,S,21.28,108,3.1,"ANTOFAGASTA, CHILE"
534618,2016,10,01,18,18,23.5,E,38.98,N,33.30,6,2.0,CENTRAL TURKEY
534620,2016,10,01,18,06,28.0,W,71.03,S,19.66,37,3.1,"OFF COAST OF TARAPACA, CHILE"
534617,2016,10,01,17,56,35.0,W,19.40,N,73.61,11,2.2,"ISLAND OF HAWAII, HAWAII"
534615,2016,10,01,17,54,39.9,W,51.74,N,19.40,12,3.4,"ANDREANOF ISLANDS, ALEUTIAN IS."
534613,2016,10,01,17,23,16.4,E,38.79,N,33.30,14,2.1,NEAR THE COAST OF WESTERN TURKEY
534612,2016,10,01,16,59,29.0,W,71.21,S,30.61,48,3.5,"COQUIMBO, CHILE"
535384,2016,10,01,16,54,22.0,W,21.82,N,51.84,116,3.3,"ANTOFAGASTA, CHILE"
534610,2016,10,01,16,37,59.0,E,37.10,N,67.14,5,2.1,CENTRAL TURKEY
534605,2016,10,01,15,51,40.0,W,70.64,S,73.15,65,3.4,"ATACAMA, CHILE"
534601,2016,10,01,15,26,46.0,W,71.83,S,31.60,30,3.5,"OFFSHORE COQUIMBO, CHILE"
534599,2016,10,01,15,17,50.0,W,71.80,S,31.61,21,3.1,"OFFSHORE COQUIMBO, CHILE"
534850,2016,10,01,15,16,52.0,E,21.31,N,78.03,15,2.3,SVALBARD REGION
534789,2016,10,01,14,43,51.0,W,29.65,S,32.90,37,2.7,"OFFSHORE COQUIMBO, CHILE"
534596,2016,10,01,13,45,14.0,E,43.06,N,76.68,6,2.9,EASTERN TURKEY
534587,2016,10,01,13,17,16.4,W,29.44,N,40.63,10,5.0,AZORES ISLANDS REGION
534600,2016,10,01,13,11,23.1,E,90.34,N,34.32,10,4.4,"SOUTHERN QINGHAI, CHINA"
534965,2016,10,01,13,08,40.0,W,13.10,S,19.85,45,4.3,OFFSHORE EL SALVADOR
534586,2016,10,01,12,39,38.0,W,70.63,S,23.12,32,2.9,"OFFSHORE ANTOFAGASTA, CHILE"
534582,2016,10,01,12,29,50.1,E,29.68,N,36.00,6,2.5,WESTERN TURKEY
534627,2016,10,01,12,29,27.7,W,19.13,N,52.06,59,2.4,VIRGIN ISLANDS REGION
537119,2016,10,01,12,24,55.7,W,86.97,N,11.63,38,4.2,NEAR COAST OF NICARAGUA
534581,2016,10,01,12,19,35.0,W,69.05,S,23.18,78,3.2,"ANTOFAGASTA, CHILE"
535386,2016,10,01,12,16,57.3,W,54.08,N,51.50,29,2.3,"UNIMAK ISLAND REGION, ALASKA"
534580,2016,10,01,12,00,57.6,W,29.65,N,40.42,10,3.4,AZORES ISLANDS REGION
534579,2016,10,01,11,56,09.5,E,13.25,N,42.91,10,2.8,CENTRAL ITALY
537117,2016,10,01,11,55,11.1,W,52.86,S,18.28,22,3.0,"FOX ISLANDS, ALEUTIAN ISLANDS"
534693,2016,10,01,11,36,01.6,E,88.10,N,30.98,35,4.2,WESTERN XIZANG
534576,2016,10,01,11,25,11.0,W,71.71,S,32.08,16,4.6,"OFFSHORE COQUIMBO, CHILE"
534572,2016,10,01,11,15,00.9,W,13.82,N,40.29,5,3.6,"ST. LUCIA REGION, WINDWARD ISL."
534575,2016,10,01,11,03,45.3,W,36.41,N,34.68,6,2.5,OKLAHOMA
534564,2016,10,01,10,30,45.8,E,33.39,N,36.20,5,2.3,CENTRAL TURKEY
534564,2016,10,01,10,30,45.8,E,33.39,N,36.20,5,2.3,CENTRAL TURKEY
534568,2016,10,01,10,30,31.4,W,27.72,N,39.23,40,3.7,"AZORES ISLANDS, PORTUGAL"
534562,2016,10,01,10,25,56.5,W,72.07,S,29.61,10,4.7,"OFFSHORE COQUIMBO, CHILE"
534570,2016,10,01,10,23,18.5,E,27.80,N,38.96,5,2.2,WESTERN TURKEY
534607,2016,10,01,10,20,22.3,E,40.58,N,39.47,7,2.1,WESTERN TURKEY
534569,2016,10,01,10,13,51.8,E,29.01,N,39.17,6,2.5,WESTERN TURKEY
534557,2016,10,01,09,44,57.6,E,26.68,N,37.59,14,2.1,"DODECANESE ISLANDS, GREECE"
534556,2016,10,01,09,40,23.4,E,12.51,N,34.78,62,4.9,SANTA CRUZ ISLANDS
534554,2016,10,01,09,37,02.1,E,38.88,N,37.63,6,2.8,WESTERN TURKEY
534553,2016,10,01,09,22,44.5,E,27.80,N,38.85,7,2.9,WESTERN TURKEY
534566,2016,10,01,09,19,36.2,E,28.15,N,37.22,5,2.1,WESTERN TURKEY
534546,2016,10,01,08,42,42.0,W,71.40,S,30.59,34,2.7,"COQUIMBO, CHILE"
534548,2016,10,01,08,31,02.0,W,44.74,N,62.83,8,2.2,"YELLOWSTONE NAT. PARK, WYOMING"
534588,2016,10,01,08,22,51.7,W,64.99,N,18.84,23,2.9,VIRGIN ISLANDS REGION
534544,2016,10,01,08,20,16.1,E,56.62,N,28.32,8,3.7,SOUTHERN IRAN
534574,2016,10,01,08,13,12.0,E,70.84,N,41.04,20,4.3,EASTERN UZBEKISTAN
534574,2016,10,01,08,13,12.0,E,70.84,N,41.04,20,4.3,EASTERN UZBEKISTAN
534567,2016,10,01,08,08,03.5,E,24.26,N,34.80,23,2.3,"CRETE, GREECE"
534540,2016,10,01,08,04,38.3,E,73.72,N,34.91,40,5.3,PAKISTAN
534550,2016,10,01,08,01,12.8,W,36.24,N,34.76,11,3.5,CENTRAL CALIFORNIA
534530,2016,10,01,07,32,41.8,E,27.61,N,36.94,23,2.0,DODECANESE IS.-TURKEY BORDER REG
534584,2016,10,01,07,27,43.8,W,64.71,N,19.35,50,2.9,VIRGIN ISLANDS REGION
535383,2016,10,01,07,27,31.0,E,39.39,N,56.75,8,2.7,EASTERN TURKEY
534847,2016,10,01,06,50,04.5,E,34.65,N,79.24,10,2.9,"CRETE, GREECE"
534520,2016,10,01,05,57,47.6,E,37.57,N,37.86,10,2.1,WESTERN TURKEY
534518,2016,10,01,05,26,50.4,E,43.20,N,38.83,15,2.3,EASTERN TURKEY
534517,2016,10,01,05,15,50.0,E,27.48,N,73.16,8,2.2,DODECANESE IS.-TURKEY BORDER REG
534515,2016,10,01,05,04,17.6,W,64.94,N,19.00,16,3.2,VIRGIN ISLANDS REGION
534543,2016,10,01,05,03,04.4,W,64.96,N,19.01,40,2.1,VIRGIN ISLANDS REGION
534513,2016,10,01,04,58,33.4,W,62.21,N,20.21,11,3.4,CENTRAL ALASKA
534542,2016,10,01,04,48,29.7,E,41.01,N,42.33,1,3.0,"BLACK SEA, OFFSHORE GEORGIA"
534542,2016,10,01,04,48,29.7,E,41.01,N,42.33,1,3.0,"BLACK SEA, OFFSHORE GEORGIA"
534510,2016,10,01,04,39,42.5,W,92.71,N,14.65,80,4.5,"OFFSHORE CHIAPAS, MEXICO"
534549,2016,10,01,04,38,57.4,E,22.98,N,35.28,18,2.3,CENTRAL MEDITERRANEAN SEA
534511,2016,10,01,04,38,00.0,E,34.85,N,36.06,25,2.4,CYPRUS REGION
534507,2016,10,01,04,31,38.0,E,37.88,N,61.66,10,4.1,"OFF E. COAST OF N. ISLAND, N.Z."
534502,2016,10,01,04,25,43.8,E,28.12,S,23.64,9,3.8,SOUTHERN IRAN
535389,2016,10,01,04,17,29.0,W,53.44,N,60.31,27,3.6,"UNIMAK ISLAND REGION, ALASKA"
534496,2016,10,01,04,05,29.9,E,36.42,N,18.82,10,3.3,NORTHERN ALGERIA
534534,2016,10,01,03,15,58.7,W,64.87,N,19.00,29,2.3,VIRGIN ISLANDS REGION
534491,2016,10,01,03,15,40.8,E,13.23,N,42.81,8,2.5,CENTRAL ITALY
534490,2016,10,01,03,11,05.0,W,69.16,S,20.41,92,3.6,"TARAPACA, CHILE"
535046,2016,10,01,03,02,02.2,E,20.28,N,38.07,18,2.1,GREECE
534487,2016,10,01,02,58,56.6,E,23.15,N,34.94,17,2.6,"CRETE, GREECE"
534486,2016,10,01,02,58,45.4,W,63.06,N,38.78,74,3.7,CENTRAL ALASKA
